customer_id,age,sexe,zone_geographique,type_client,montant_consommation,nombre_appels,volume_data,nombre_sms,type_abonnement,duree_abonnement,date_abonnement
CUST_00001,40.960569836134795,M,Tunis,Particulier,45.086840724406144,69.52055896349266,2.698648919582035,15.0,Hybride,36.31482149704443,2025-02-28
CUST_00002,33.340828385945784,M,Tunis,Particulier,67.57666920243821,70.99147947648738,8.387068169217766,15.0,Postpayé,47.898915576015376,2022-08-25
CUST_00003,42.77226245720831,F,Tunis,Particulier,40.924008049881536,81.96587735444936,3.718025818731555,,Prépayé,36.60979559074893,2023-01-19
CUST_00004,53.2763582768963,F,Sfax,Entreprise,130.18926335902196,68.53497991212602,4.330213691083711,18.0,Postpayé,52.29995536028006,2024-07-08
CUST_00005,32.19015950331997,M,Autre,Particulier,80.46021020129173,82.60868000296772,2.384233126628192,21.0,Prépayé,60.0,2024-05-27
CUST_00006,32.19035651660983,F,Sousse,Entreprise,26.92512869311733,80.17002936034517,,18.0,Prépayé,25.26567087553932,2023-12-28
CUST_00007,53.9505537860887,M,Sousse,Particulier,76.52731867176956,50.5925297788132,6.465483585052212,27.0,Postpayé,33.13823626003474,2024-05-01
CUST_00008,44.20921674983491,M,Tunis,Particulier,66.84565291119631,64.3343757708036,4.498155018057909,17.0,Postpayé,34.029949522507515,2023-11-02
CUST_00009,29.366307368780575,F,Autre,Particulier,39.71282058641024,52.40324346705772,5.244395519902709,21.0,Prépayé,54.127186667816815,2024-01-15
CUST_00010,41.51072052303158,F,Sfax,Particulier,29.416628723564386,77.78953474840603,12.087479565586971,22.0,Prépayé,36.4728679796597,2023-05-28
CUST_00011,29.438987686250453,F,Tunis,Particulier,106.31970190959534,68.38055530496065,7.532595341375005,28.0,Hybride,48.65338109774056,2024-03-05
CUST_00012,29.41124295715692,F,Sousse,Particulier,50.328248496820144,83.15976342976454,6.1426355376471315,14.0,Postpayé,40.94875157587211,2022-09-08
CUST_00013,37.90354725879241,M,Tunis,Particulier,57.73435477061886,61.876391812487604,2.8164982661797877,21.0,Postpayé,37.503092916639126,2023-09-18
CUST_00014,18.0,F,Sfax,Particulier,25.03412224319625,75.39007210388692,12.483705454664271,14.0,Prépayé,44.980907892090244,2024-07-20
CUST_00015,18.0,M,Sousse,Particulier,30.493445178717806,80.23522150363826,1.0153489140092316,,Prépayé,54.29850289161202,2022-06-07
CUST_00016,28.252549649108328,F,Autre,Particulier,16.759449759381226,67.51737495423278,1.9900382033499178,17.0,Prépayé,18.451535007425935,2024-12-02
CUST_00017,22.846026555986914,M,Sfax,Particulier,25.26207863339052,60.163380406152655,10.189702293231333,32.0,Prépayé,50.40845101538164,2022-07-09
CUST_00018,38.77096799114329,F,Bizerte,Particulier,39.53855992167484,70.76798864524238,8.399116662576283,26.0,Prépayé,38.76076204949487,2023-12-17
CUST_00019,24.103711093745467,M,Autre,Particulier,39.40752938007371,64.9549601133522,15.28584721669965,30.0,Prépayé,41.206435029026515,2023-02-05
CUST_00020,18.052355583976503,F,Tunis,Particulier,78.50726456964227,83.2956311652764,7.374144394084773,19.0,Postpayé,48.74219850942214,2022-04-02
CUST_00021,52.587785227058646,M,Tunis,Particulier,58.3945407789066,43.94221782077723,4.838430014402888,21.0,Prépayé,41.74908974444268,2023-05-07
CUST_00022,32.29068439416157,F,Sfax,Particulier,86.2322345118187,85.89829723385476,3.1713803396858027,21.0,Postpayé,56.1787222433723,2022-11-17
CUST_00023,35.81033845625509,M,Sfax,Entreprise,57.54549138067262,57.97075870821405,6.950027622924885,9.0,Prépayé,23.34203980471076,2023-02-14
CUST_00024,18.0,M,Sfax,Particulier,172.47295356769084,73.43888405988567,5.797125373154634,19.0,Postpayé,33.525243745246655,2024-10-01
CUST_00025,28.467407305697808,M,Autre,Particulier,48.039012464648685,69.1927050567301,5.508507960072015,22.0,Prépayé,44.151468868187735,2022-06-06
CUST_00026,36.33107107651839,M,Bizerte,Particulier,36.00284567170079,69.09846659267345,8.687896515552566,19.0,Postpayé,35.48718939739893,2025-02-12
CUST_00027,21.188077070932366,F,Sousse,Particulier,37.295966157388314,64.98357076600892,1.8440845846944074,21.0,Prépayé,54.722787538116506,2023-07-06
CUST_00028,39.508376220148065,M,Sfax,Particulier,49.77897523267182,72.37002077218705,10.246725999185077,30.0,Hybride,34.01855698553158,2023-08-20
CUST_00029,27.79233572097434,F,Autre,Particulier,135.1271475851484,75.72947671255551,19.989277886738414,23.0,Postpayé,40.23977168991761,2024-05-25
CUST_00030,31.49967500248068,M,Autre,Particulier,66.44851554538303,54.5381780315154,5.127839327277951,13.0,Postpayé,33.01994641833025,2024-06-30
CUST_00031,27.77952065324724,M,Autre,Entreprise,21.943516121082475,69.23703300593915,9.293092594376146,29.0,Prépayé,38.4740660118783,2022-12-12
CUST_00032,57.22733821410725,F,Tunis,Particulier,55.63521595223605,58.05761594220793,,21.0,Postpayé,26.212208570017236,2023-12-28
CUST_00033,34.83803330314479,F,Sousse,Particulier,36.69728389068317,66.93012516604763,5.675645352531365,18.0,Postpayé,28.711779165476226,2023-03-29
CUST_00034,22.307468852529198,M,Tunis,Particulier,5.375143183726418,78.94601329466806,4.4186589090879185,21.0,Prépayé,60.0,2024-04-04
CUST_00035,44.870538945238266,F,Tunis,Particulier,159.82258867555694,79.50453845686899,,16.0,Postpayé,39.48164641555963,2022-06-17
CUST_00036,20.349876200347733,F,Tunis,Particulier,70.61157940498708,81.7097298392533,4.860242155767711,29.0,Postpayé,36.18288306542217,2022-04-03
CUST_00037,37.50636314005706,M,Sousse,Particulier,38.484289387263175,62.55862746661292,5.884854841145885,19.0,Postpayé,30.330473888776922,2023-06-08
CUST_00038,18.0,F,Bizerte,Particulier,140.57905633806985,80.1748217519742,10.879209701700582,25.0,Postpayé,31.43413401962985,2023-05-02
CUST_00039,19.061767413218835,F,Tunis,Entreprise,151.23410603314068,93.99293355544883,5.59215590191949,,Postpayé,59.310056873642075,2022-10-28
CUST_00040,37.36233483042948,F,Sfax,Particulier,50.556635436372304,82.6169032540118,13.352811652854601,26.0,Hybride,40.02864958307083,2023-03-04
CUST_00041,43.86159895994493,M,Sfax,Entreprise,35.00506183302237,63.026401080834994,8.454864614700503,15.0,Postpayé,50.0628597162738,2022-05-10
CUST_00042,37.05641937427965,F,Sfax,Particulier,56.2798861162844,57.29238862508733,3.032314079613436,17.0,Postpayé,19.35914296893194,2023-07-19
CUST_00043,33.612220611341115,M,Tunis,Particulier,63.151181920289645,61.85949634436593,,26.0,Postpayé,34.47716596601288,2024-09-30
CUST_00044,31.386755652928535,M,Sfax,Particulier,71.70706008258622,72.27877640856543,3.9199864001306306,19.0,Postpayé,57.1277748012292,2023-05-15
CUST_00045,18.0,M,Bizerte,Entreprise,27.30004157273219,66.16823669392122,10.377942956770976,18.0,Hybride,35.03721774269637,2023-05-20
CUST_00046,26.3618694992635,M,Tunis,Particulier,49.7960842665665,73.36603180697999,5.409070152085875,29.0,Prépayé,31.010771083892823,2024-07-26
CUST_00047,29.47233474848255,F,Tunis,Particulier,10.05062288845303,78.79329930736128,7.6456655819684975,18.0,Prépayé,43.260544195202336,2023-07-20
CUST_00048,47.68546671462699,F,Sfax,Particulier,53.40031875263419,52.39015267797969,5.094188681942133,17.0,Prépayé,27.780860190194357,2025-03-01
CUST_00049,39.12341947482154,F,Autre,Particulier,58.43502805462415,72.02666485813654,4.753011879398892,24.0,Prépayé,26.362569926555345,2022-11-09
CUST_00050,18.0,M,Bizerte,Particulier,27.50197153436902,55.70740839534004,4.1571771552418415,24.0,Prépayé,54.74280109816678,2022-08-26
CUST_00051,38.88900763273754,M,Bizerte,Particulier,67.94072550170098,78.45869096688727,7.202893091767767,24.0,Postpayé,32.98083214726658,2022-07-20
CUST_00052,30.3790126350042,M,Sfax,Particulier,61.6993594187009,63.85092609049967,,24.0,Prépayé,45.11574111477196,2024-05-18
CUST_00053,26.876935996328495,F,Sousse,Particulier,93.83234753734877,79.94751902701545,11.085337266815332,16.0,Postpayé,59.895038054030906,2023-03-25
CUST_00054,42.34011546609042,M,Tunis,Particulier,59.929135775674055,61.47920113102229,5.446049473933684,18.0,Postpayé,39.72545711595975,2024-10-14
CUST_00055,47.371994269951415,F,Sousse,Particulier,29.54397953028627,66.58890149258791,1.5117644407925788,28.0,Prépayé,44.758481505625895,2023-03-19
CUST_00056,46.175361429394385,F,Autre,Particulier,41.027959288475415,59.358101766519816,6.410198320511276,24.0,Prépayé,26.293833545786846,2024-11-25
CUST_00057,24.929389721328338,M,Sousse,Entreprise,153.29394087041388,48.94868157327559,14.085821355488953,28.0,Postpayé,32.29373398182594,2023-09-05
CUST_00058,31.289451489785424,F,Autre,Particulier,64.23138694903943,69.044390861523,11.156341657037295,23.0,Postpayé,56.91907013982501,2024-12-01
CUST_00059,38.97516117684277,M,Bizerte,Particulier,59.066879095119475,77.65295419148943,,16.0,Postpayé,36.23325296752532,2022-06-26
CUST_00060,46.70654152546831,F,Tunis,Particulier,71.47563250507785,70.88939111160502,2.9518857285226527,19.0,Postpayé,28.889802021100053,2023-09-18
CUST_00061,29.24990914585652,F,Autre,Particulier,47.78142818039079,67.78206876187511,7.7942597714702195,21.0,Hybride,44.21716757845768,2022-04-13
CUST_00062,32.772092280034194,M,Tunis,Particulier,80.99579690771237,68.68300095329226,10.12847410469955,17.0,Postpayé,52.62889100731612,2023-05-04
CUST_00063,21.72398031192766,M,Sousse,Entreprise,45.36119628163629,74.28407042352013,6.362783476740084,22.0,Hybride,35.06194622458205,2024-08-20
CUST_00064,20.64552051103195,F,Tunis,Particulier,117.47908407082636,66.35190847072693,6.27277852409912,,Postpayé,44.24327928418897,2022-05-31
CUST_00065,44.750309868730376,F,Tunis,Particulier,45.25960848053483,75.60073599770169,5.148467034154853,24.0,Postpayé,48.236737250395485,2023-01-28
CUST_00066,51.274880342849876,M,Sfax,Particulier,39.6920628257809,83.96627886056633,3.257574878177634,17.0,Prépayé,37.649637476338256,2023-01-07
CUST_00067,34.13587854103599,F,,Particulier,57.709015471779736,60.01348175676624,4.963387897079235,14.0,Hybride,36.39427671992327,2024-05-25
CUST_00068,47.04239477470429,F,Sfax,Particulier,47.256069337975426,76.47451245004898,9.720767270911203,26.0,Postpayé,59.32190093760204,2022-06-23
CUST_00069,39.33963230057161,F,Sousse,Entreprise,84.67214404969587,63.42270524177758,10.92049517544652,25.0,Postpayé,29.43409233015831,2023-03-13
CUST_00070,27.258562944738507,M,Tunis,Particulier,40.8740426455572,63.24349472672515,4.801970289281014,15.0,Prépayé,40.54109939272256,2022-05-08
CUST_00071,39.336747266100964,F,Tunis,Particulier,7.608921988131295,66.42134875667057,7.557735163668038,20.0,Prépayé,38.37780990973035,2022-06-16
CUST_00072,53.45643879759163,F,Sousse,Particulier,20.13192784927656,52.55886692883255,10.225627002710679,14.0,Prépayé,38.312807707454084,2023-12-06
CUST_00073,34.57008753068058,M,Sfax,Particulier,64.01452355798358,84.1298365295562,2.762153261973101,12.0,Prépayé,47.59620443781788,2023-09-04
CUST_00074,53.77572386976807,M,Bizerte,Particulier,24.63524832744996,68.14327329174485,,19.0,Prépayé,44.985687854776245,2022-12-27
CUST_00075,18.0,F,Bizerte,Particulier,38.43591078550248,72.44688157240238,4.244782862769916,28.0,Postpayé,42.052708965494865,2023-07-12
CUST_00076,44.86283005250269,M,Autre,Particulier,12.059405670479922,80.89624963242683,5.475109961116379,24.0,Prépayé,26.400390050666918,2022-12-08
CUST_00077,36.044564818858056,F,Bizerte,Particulier,19.208514907369327,52.6707198476481,7.905816560626932,23.0,Prépayé,31.67679961912024,2022-07-16
CUST_00078,31.41191179440959,M,Sfax,Particulier,31.12743704169453,80.86355671463585,4.460983373054821,29.0,Prépayé,37.05687578751841,2024-02-06
CUST_00079,36.101129318426025,M,Bizerte,Entreprise,37.03715373634789,67.28746098714261,10.140627243782408,25.0,Postpayé,40.18221038988043,2025-03-01
CUST_00080,18.0,F,Tunis,Particulier,44.04667402058598,79.93753629891559,9.26969587923766,13.0,Prépayé,56.74026725277568,2024-06-06
CUST_00081,32.36393734594986,M,Sfax,Particulier,21.8573840396613,53.17773005902045,6.942766678052092,15.0,Prépayé,39.94139489215906,2022-04-11
CUST_00082,39.28535085814096,M,Bizerte,Particulier,81.27743421242468,72.05139711184981,4.9997089677384965,25.0,Postpayé,47.04366757520369,2023-12-29
CUST_00083,52.73472853689819,M,Sfax,Particulier,128.33049355444706,62.421897171310306,5.802559061761697,20.0,Postpayé,38.71532704735623,2024-05-31
CUST_00084,28.78075738071623,F,Bizerte,Particulier,58.215746293763495,61.372322670618146,5.548534162684428,26.0,Prépayé,46.12457778718606,2022-08-16
CUST_00085,25.29807676528175,M,Autre,Particulier,37.63423799454479,62.72935452348257,1.42497314558422,17.0,Prépayé,39.39856560773904,2024-04-25
CUST_00086,28.978915476985563,M,Autre,Particulier,18.5759071862239,57.41544622094467,,16.0,Prépayé,30.489650502146972,2024-01-08
CUST_00087,45.98482541242489,F,Autre,Particulier,45.89701607036173,66.56018768598666,2.167232055823122,20.0,Hybride,44.69606018692753,2022-11-01
CUST_00088,38.94501331591621,M,Sfax,Particulier,38.19500747355031,84.7377541005605,10.063262324882999,27.0,Prépayé,43.623312034848276,2023-10-08
CUST_00089,28.642877554795533,F,Sfax,Particulier,186.99761521688302,53.74177630314515,2.1305655921501874,15.0,Postpayé,27.95661024558369,2023-12-02
CUST_00090,41.15920919736027,M,Sousse,Entreprise,11.994191184873221,62.421962994446396,8.22304351722533,19.0,Prépayé,38.715473320992,2025-01-13
CUST_00091,36.16493059217648,F,Sfax,Particulier,68.95919018959773,48.520275822273206,3.6256289788960574,16.0,Postpayé,38.62935949220916,2023-11-02
CUST_00092,46.623739886394674,M,Sousse,Particulier,43.34167949207577,67.0771505393783,12.195642506596194,22.0,Prépayé,34.15430107875659,2022-08-30
CUST_00093,26.57536287347177,F,Bizerte,Particulier,34.56339144913199,59.84173528214518,9.825860165273916,22.0,Prépayé,30.090728874228645,2023-06-11
CUST_00094,31.068054240826783,M,Bizerte,Particulier,77.81734506793863,72.12618880228916,0.819881953324889,14.0,Postpayé,41.42389961233168,2024-12-29
CUST_00095,30.294702162414108,M,Sfax,Particulier,22.50735505456113,71.45756748156703,5.294095872949008,16.0,Prépayé,55.342538003406595,2023-12-21
CUST_00096,18.0,M,Tunis,Entreprise,49.407936938140374,67.00911905450874,4.89294994848076,11.0,Prépayé,45.67199794458424,2023-12-21
CUST_00097,38.55344332477491,M,Sfax,Entreprise,71.68738671645059,58.47432119969654,11.750815030815314,23.0,Postpayé,27.11808956455769,2022-05-02
CUST_00098,38.13266326615867,M,Tunis,Particulier,51.792223826370815,77.12546242743838,7.801845702259259,,Hybride,54.250924854876764,2023-05-11
CUST_00099,35.06136147970953,M,Autre,Entreprise,51.75405896338465,60.90894158105647,12.349190518877082,17.0,Prépayé,52.27235395264115,2022-08-27
CUST_00100,32.18495439949824,F,Sfax,Entreprise,60.79618298117685,65.97378894573168,16.153201008679417,21.0,Postpayé,34.640385603534064,2023-09-24
CUST_00101,18.01555109539503,M,Tunis,Entreprise,81.13361051467768,72.6950376386404,9.07416770919166,21.0,Hybride,27.535153752000706,2022-04-06
CUST_00102,29.95225612681569,M,Tunis,Entreprise,36.38372962386898,64.77922627117377,12.584285713812811,15.0,Postpayé,34.9567213982787,2024-12-12
CUST_00103,30.887425801678766,F,Sousse,Particulier,79.71622745174405,62.34344867466789,7.9115389779503404,18.0,Postpayé,35.52923624927802,2024-12-29
CUST_00104,25.372672769340575,F,Sousse,Particulier,46.76358590444359,43.527013255698755,4.011751009337656,24.0,Postpayé,28.02062722264341,2022-07-02
CUST_00105,33.06457146000789,M,Sfax,Particulier,19.050542481210947,80.52477467827897,3.0025331957785673,29.0,Prépayé,41.27153452329643,2024-03-28
CUST_00106,39.84861028177446,M,Tunis,Particulier,152.48735765348454,54.3576741733382,3.4964257936974246,19.0,Postpayé,32.57969310570292,2023-01-01
CUST_00107,57.63423081452636,M,Sfax,Entreprise,17.444333896798206,81.42539451183609,,21.0,Prépayé,29.246657955295383,2024-02-02
CUST_00108,37.09493375398207,F,Sfax,Particulier,33.75603648871389,73.90775298063824,5.382564469710617,10.0,Prépayé,36.86620922340413,2023-09-06
CUST_00109,38.090604688673174,F,Bizerte,Particulier,35.89478786084602,108.4592276586665,6.508725817609322,17.0,Postpayé,54.94175379809499,2022-11-20
CUST_00110,34.106649010805995,M,Sousse,Entreprise,55.22523654954486,84.22634508162577,6.540372373038478,22.0,Prépayé,47.76551768706273,2024-01-21
CUST_00111,18.0,F,Sfax,Entreprise,57.9296828065693,61.56936251162339,16.087606073285357,21.0,Postpayé,43.18456398051951,2024-08-31
CUST_00112,34.6818334946094,F,Tunis,Entreprise,110.64023683114738,64.64894337896047,27.51550909926341,26.0,Postpayé,34.68529870616765,2023-10-22
CUST_00113,35.72276251929232,F,Autre,Particulier,91.45726607147962,48.66827093906034,3.6433172755606025,18.0,Postpayé,28.074397208053533,2023-12-19
CUST_00114,64.55890534982343,F,Sfax,Particulier,81.35123442802993,54.694724135571285,18.021173137709532,25.0,Prépayé,30.22553365612211,2023-01-29
CUST_00115,32.69166842262653,M,Bizerte,Particulier,15.013387216941094,76.48313255355794,14.789106718918998,23.0,Prépayé,47.082947218380646,2022-11-07
CUST_00116,38.61856810800335,M,Tunis,Particulier,42.95907706966663,55.65632872800025,5.372228842535017,18.0,Postpayé,32.51506840000057,2024-09-02
CUST_00117,34.58345876353708,M,Sfax,Particulier,71.97943525952893,60.38686000929618,4.867066578222423,22.0,Hybride,40.4345581611539,2024-07-18
CUST_00118,20.975863548565616,M,Tunis,Particulier,38.01796919869095,70.21792258275796,3.4634028904199727,16.0,Prépayé,43.30188282195502,2025-01-17
CUST_00119,48.71387377418024,M,Sousse,Particulier,29.346159185631084,46.89931823807105,8.727293769072961,21.0,Prépayé,26.754914156948765,2024-11-04
CUST_00120,44.02319639224129,F,Autre,Particulier,159.64511340030103,87.6555546661987,5.593638540333796,21.0,Postpayé,39.13580105745824,2024-05-18
CUST_00121,44.49238336451656,M,Sfax,Particulier,32.67699315735285,79.77750371061808,5.953593317445662,34.0,Prépayé,42.45982805467514,2023-08-03
CUST_00122,24.087350542463135,M,Tunis,Particulier,47.648756859018235,72.87318085628432,3.0462810425695857,,Postpayé,58.41995838322679,2023-09-03
CUST_00123,51.833531731233194,M,Tunis,Particulier,111.2395229570633,63.12042618016932,8.868515932451594,18.0,Postpayé,40.26761373370959,2023-10-01
CUST_00124,18.177787246492628,F,Sfax,Particulier,71.1084135948728,77.66896344824207,4.629321770626248,27.0,Postpayé,46.54521405328693,2022-12-17
CUST_00125,42.04228512560324,M,Tunis,Particulier,34.37992101595764,51.24179868369259,2.577064080721904,21.0,Prépayé,34.84683864129629,2024-05-23
CUST_00126,61.285467509719744,M,Tunis,Particulier,44.30387485344862,68.64349390226249,5.116759561569088,25.0,Prépayé,49.224986744048884,2023-01-13
CUST_00127,23.113564098431738,M,Bizerte,Particulier,45.08252094039791,54.1048512052446,3.181581839391898,25.0,Prépayé,28.821074298201424,2023-02-25
CUST_00128,28.204427244766737,M,Sfax,Particulier,42.66897702855339,96.23679064790211,11.165451153602902,19.0,Postpayé,43.63700096701808,2024-11-17
CUST_00129,36.19581638105169,F,Tunis,Entreprise,61.190142536999936,53.46576863195543,29.363215216514266,15.0,Postpayé,40.6993911367248,2022-08-26
CUST_00130,28.958292150605608,F,Autre,Particulier,34.2725548241183,71.1136988383243,5.2065082591456076,25.0,Postpayé,51.30574220920064,2024-01-20
CUST_00131,18.0,M,Tunis,Particulier,82.0181077951967,70.2373369909637,9.672113001037326,21.0,Postpayé,43.34150406319122,2024-04-07
CUST_00132,35.82275569767233,F,Autre,Particulier,70.5880048884875,59.0243078506294,9.537019049670041,14.0,Prépayé,37.26583221076604,2022-09-13
CUST_00133,22.25235543528674,F,Sfax,Entreprise,43.55823944254111,67.1280061311194,0.6672524347058741,19.0,Postpayé,49.17334695804311,2022-10-30
CUST_00134,40.68310916762218,F,Autre,Particulier,30.964303435806805,61.57177235517288,3.500016119736409,26.0,Postpayé,43.190168267843916,2024-07-22
CUST_00135,23.96690918919436,M,Sousse,Particulier,51.43313579205051,64.18902330669604,5.742622410841156,24.0,Postpayé,30.99800674835927,2024-11-16
CUST_00136,53.59921286021047,M,Autre,Entreprise,29.226740026085135,86.82685327520949,8.157377634236703,13.0,Prépayé,37.82040202414205,2023-10-25
CUST_00137,25.600960491965154,M,Autre,Particulier,96.98942573623275,61.16814982689193,3.3211672927153097,17.0,Postpayé,30.144999631684954,2023-01-17
CUST_00138,31.135261805531893,F,Tunis,Particulier,59.57617199802557,71.19888943528296,9.898626499164916,13.0,Postpayé,42.397778870565936,2023-06-10
CUST_00139,44.76220660843604,M,Autre,Particulier,82.68910980035547,67.43684997135922,3.976492803855086,24.0,Postpayé,43.48265951353028,2024-05-16
CUST_00140,20.229628202792536,M,Sfax,Particulier,25.713665032563796,74.94992818282942,6.518859660798116,22.0,Prépayé,56.14568371422798,2025-01-10
CUST_00141,37.72951921524955,M,Sfax,Particulier,64.24918127293826,59.18420188643763,9.414174901116487,13.0,Postpayé,37.637678805668905,2022-05-12
CUST_00142,50.685713051389136,F,Sfax,Particulier,21.873600631852728,72.21566281811387,11.534351803907203,22.0,Prépayé,36.25596758134694,2024-02-11
CUST_00143,18.0,M,Sousse,Entreprise,39.75068933956001,44.55407288885359,5.172321425405084,19.0,Postpayé,27.297351111010258,2024-03-28
CUST_00144,37.21560630238765,F,Tunis,Entreprise,65.70390685963469,68.81541681987451,5.492736988578341,24.0,Hybride,37.630833639749014,2022-06-28
CUST_00145,38.11859353098108,F,Sousse,Particulier,56.93867317823785,58.77544627502429,6.098613602549067,20.0,Postpayé,36.68708436052159,2022-07-12
CUST_00146,44.381874461327726,M,Sousse,Particulier,85.42406505866106,58.832423644057435,1.1674314076044905,18.0,Postpayé,40.0771991525177,2023-08-13
CUST_00147,20.156591469463017,F,Bizerte,Particulier,46.509533128565735,83.23445150439346,2.8398972174807082,20.0,Postpayé,36.44992049900568,2022-06-17
CUST_00148,19.154520642988686,M,Autre,Entreprise,32.77533777479664,65.50357331367174,21.0246024290632,16.0,Prépayé,36.46577773681611,2023-04-30
CUST_00149,41.263298787402775,F,Sfax,Entreprise,10.183311668472767,47.61714105822149,15.378075787843459,18.0,Prépayé,40.05041487712204,2022-05-21
CUST_00150,38.56381607879823,M,Sfax,Particulier,39.313022073063436,70.5192162541333,4.958190028807591,18.0,Hybride,38.27297304732021,2023-09-29
CUST_00151,38.00591420415052,F,Tunis,Entreprise,48.95883103048662,72.2448034196649,14.07702921339617,18.0,Postpayé,36.310949848424364,2024-07-28
CUST_00152,39.15737851396371,F,Tunis,Particulier,54.22596378032635,72.20015532266345,7.994179870655462,27.0,Prépayé,36.22670815596877,2024-06-21
CUST_00153,26.83970334105811,F,Tunis,Particulier,17.098545487555366,62.493175836516976,1.9840267532920173,17.0,Prépayé,60.0,2023-07-26
CUST_00154,37.78704436593204,F,Sfax,Particulier,65.49421531415359,55.75822016041426,3.9311538153592918,28.0,Postpayé,35.99565892783968,2022-09-12
CUST_00155,38.516869679584175,M,Tunis,Particulier,81.55826019797047,67.2189549393282,11.312215983380904,21.0,Postpayé,37.18154069250652,2023-01-15
CUST_00156,26.427782983683585,F,Autre,Particulier,108.93772376601265,70.5775395216308,6.162675720951612,11.0,Postpayé,26.031320574340707,2024-08-11
CUST_00157,57.38929413373708,F,Sousse,Particulier,47.71275783332335,68.6633866053672,6.379530907757188,14.0,Prépayé,49.26823175079823,2024-05-19
CUST_00158,40.68599505094145,F,Sfax,Particulier,45.28313539038331,72.24270354630491,5.214753269272391,24.0,Hybride,22.445260247974428,2022-12-14
CUST_00159,20.704358033568216,M,,Entreprise,72.38804336278682,44.63796529333296,2.865876183881389,18.0,Postpayé,31.288133215685164,2024-02-14
CUST_00160,42.878643303605955,F,Tunis,Particulier,116.15181450559645,80.83663803548117,3.6048490603853924,17.0,Postpayé,44.351139349073506,2024-07-29
CUST_00161,23.303819957272143,F,Sfax,Particulier,67.32212063930001,55.16748982741509,6.795074252287642,21.0,Postpayé,25.38065869867065,2024-03-09
CUST_00162,44.44501524490943,F,Sousse,Particulier,35.444031963408555,65.42876460863404,3.9909976800702864,20.0,Prépayé,33.52809103802865,2023-05-12
CUST_00163,48.903146948088846,M,Sfax,Particulier,78.5757358271664,65.2657298088242,2.6517685764287084,19.0,Hybride,38.86325491239191,2024-04-07
CUST_00164,25.151812179779476,F,Sfax,Particulier,86.5001790327081,74.60000371982217,2.899901692265221,17.0,Prépayé,38.14815503670771,2022-06-13
CUST_00165,46.56051355093186,M,Autre,Particulier,36.83633529861265,89.31465292640357,11.442224539201188,18.0,Prépayé,33.30545212896053,2023-07-26
CUST_00166,39.95337112323798,F,Autre,Particulier,88.74419490916404,70.37000450076934,3.8537872436733407,18.0,Postpayé,46.60417604326946,2023-01-23
CUST_00167,44.86472191993388,M,Sousse,Particulier,100.87756322928317,78.05542573783772,10.184291393550923,12.0,Postpayé,47.27438818459949,2025-03-09
CUST_00168,57.76151579184737,F,Sousse,Particulier,117.35892773719019,67.98593271167775,6.396944931036074,26.0,Postpayé,44.650920663144134,2025-03-12
CUST_00169,32.05534260796556,F,Sousse,Particulier,110.15680828569191,66.19155935050482,4.6137288168687585,18.0,Postpayé,35.08481500103026,2024-06-28
CUST_00170,25.955166027710124,M,Tunis,Particulier,24.761199376963397,73.07732691528689,3.217100377274861,22.0,Prépayé,40.53332099093632,2023-06-11
CUST_00171,24.32582684449372,F,Sfax,Particulier,54.226877824273075,64.39372362453011,7.807669302450851,24.0,Hybride,34.15359088443772,2022-10-15
CUST_00172,25.210276580414742,M,Tunis,Particulier,51.56632822020705,80.94059003724443,9.492514284824649,21.0,Prépayé,60.0,2023-09-26
CUST_00173,34.07477948703075,F,Sfax,Entreprise,128.40891342924436,82.39835829397967,16.477672885260155,23.0,Postpayé,42.06613498962012,2023-05-22
CUST_00174,39.09382369779973,F,Sousse,Particulier,30.589599894917956,43.24188276702374,2.139574377775224,18.0,Prépayé,35.13088364694917,2023-08-06
CUST_00175,38.320289591960226,F,Tunis,Particulier,80.44840323329561,82.60851503190759,3.846898362000709,17.0,Postpayé,60.0,2024-03-31
CUST_00176,44.92619898843229,F,Autre,Particulier,39.50805254327204,62.60250122265098,4.148803578536032,20.0,Prépayé,36.09239396228474,2023-01-26
CUST_00177,35.156022702534884,F,Autre,Particulier,71.28602658874152,69.43087604365778,1.2122730364396528,15.0,Postpayé,41.69566539521994,2023-06-18
CUST_00178,52.442408925887804,M,Bizerte,Particulier,79.50627813034055,64.58401588555977,6.997796469533207,20.0,Postpayé,46.7818542853631,2023-08-19
CUST_00179,31.824118001144527,M,Sousse,Entreprise,21.141518670547306,69.92742075351713,15.160756033234074,30.0,Postpayé,34.475809141379095,2024-09-13
CUST_00180,67.64202999907542,F,Autre,Entreprise,236.44855731384982,81.6891610073438,14.859806795830014,18.0,Postpayé,33.91665738908821,2025-03-14
CUST_00181,42.50800817318007,F,Tunis,Entreprise,64.28346064131021,77.33873132692156,13.476037936151302,17.0,Postpayé,48.72832947484916,2024-08-25
CUST_00182,24.71410932300461,F,Bizerte,Particulier,66.61051586332279,63.111604056281436,,17.0,Postpayé,46.77117222391031,2023-03-21
CUST_00183,22.14929002326665,F,Tunis,Particulier,19.471467078104354,82.17292888196984,3.1331661334859344,19.0,Hybride,46.737373003517575,2023-06-20
CUST_00184,40.78966898291822,M,Bizerte,Particulier,26.604477356623985,67.46940735812444,4.366183862055606,27.0,Postpayé,43.55193054920094,2024-11-04
CUST_00185,32.31844657608979,F,Tunis,Particulier,40.77103734628589,68.83497662041626,6.42724059630727,14.0,Prépayé,60.0,2023-05-31
CUST_00186,43.568005929105105,M,Autre,Particulier,51.66067997661252,79.64271496849776,10.715719381310283,13.0,Prépayé,39.72406134824168,2023-06-05
CUST_00187,40.67885149488254,M,Autre,Particulier,47.434904912620794,56.95811686782867,5.592182799050173,14.0,Prépayé,32.46073690192714,2022-11-26
CUST_00188,34.12605304811753,M,Tunis,Entreprise,21.675186267640324,76.47293851322695,10.957078592600897,18.0,Prépayé,29.61515002241858,2024-05-05
CUST_00189,24.83847538317914,M,Sfax,Particulier,98.97579938931918,51.6313182427909,1.303804539951886,26.0,Postpayé,35.87189011260764,2022-10-18
CUST_00190,18.0,M,Autre,Particulier,30.855495513302174,65.06916913130503,6.678295521435599,23.0,Prépayé,18.307580238736424,2024-12-20
CUST_00191,29.641820575195748,M,Sfax,Particulier,27.377147360329495,87.17539159109808,11.151732495909124,16.0,Prépayé,52.93928349315455,2024-05-08
CUST_00192,45.27678553188167,F,Autre,Particulier,16.228071048771596,71.47855618284407,4.9825052082519985,12.0,Prépayé,42.95711236568814,2024-05-08
CUST_00193,37.56912492956245,M,Sousse,Particulier,49.30166438065601,55.606714356490265,4.754417149912294,16.0,Postpayé,32.396938944024456,2025-03-21
CUST_00194,20.051134655456146,M,Sfax,Particulier,88.28649132013996,67.30450524378409,4.198553862946161,14.0,Postpayé,49.5655672084091,2024-04-12
CUST_00195,37.078171110214186,M,Tunis,Particulier,37.77644351686882,67.39280787550118,,20.0,Prépayé,29.601553606733052,2024-09-29
CUST_00196,39.62380855674604,M,Tunis,Particulier,75.58820133231218,76.09002199031673,1.2543398050437702,21.0,Postpayé,31.189693086752992,2024-01-01
CUST_00197,24.393710765586405,M,Bizerte,Entreprise,9.566420897552259,68.61381154073626,20.37987125039308,15.0,Prépayé,40.028186817829116,2025-03-25
CUST_00198,36.84470127134634,M,Sfax,Entreprise,50.629357710275535,81.98014468942357,9.25189482165246,14.0,Hybride,54.679518281931266,2024-09-01
CUST_00199,35.698504621352,F,Sousse,Particulier,52.67859797113236,68.56720758826229,6.749297649888732,23.0,Postpayé,42.84834914221311,2025-02-08
CUST_00200,21.284356426032524,F,Sfax,Particulier,37.9003342614309,56.3410247420996,8.31682971471801,17.0,Prépayé,19.87452072787147,2022-06-25
CUST_00201,39.2934483241794,F,Sousse,Entreprise,118.95053871217031,65.68636979891575,5.751338352544856,19.0,Postpayé,31.37273959783149,2024-03-19
CUST_00202,41.72941431641881,M,Autre,Entreprise,56.457230426710666,66.28032824799537,10.537088519944131,22.0,Postpayé,32.56065649599075,2023-06-30
CUST_00203,47.996614918103326,M,Autre,Particulier,73.40556032527948,70.58292266633269,4.564032403232484,23.0,Postpayé,41.165845332665384,2023-02-20
CUST_00204,47.645624624418836,F,Sfax,Particulier,159.21117769309913,51.240134711821085,2.4205300642949084,17.0,Postpayé,28.100336779552713,2022-04-21
CUST_00205,18.46796758451491,M,Autre,Particulier,37.04286465319887,78.49576123706078,9.450213019248459,25.0,Prépayé,28.681575798460287,2024-10-28
CUST_00206,23.74609952101853,M,Bizerte,Entreprise,32.33092682639003,68.4317352294539,8.672752288545558,16.0,Prépayé,36.863470458907805,2023-08-27
CUST_00207,41.18042320650392,M,Sousse,Entreprise,21.85030483037808,81.37566561640921,4.700657957588815,20.0,Prépayé,45.31368860073073,2023-02-02
CUST_00208,41.1654314109465,M,Autre,Particulier,46.7645603857928,75.96027535613266,,23.0,Prépayé,46.07745260794743,2023-01-30
CUST_00209,41.18057223567257,M,Tunis,Entreprise,20.025876186030498,70.01175141208617,3.810567089196367,19.0,Prépayé,40.02350282417236,2024-11-17
CUST_00210,81.23277788785666,M,Tunis,Particulier,80.86916187941449,63.53659615380848,3.9918291441904943,27.0,Hybride,47.7595259390895,2024-08-23
CUST_00211,41.850686128318,F,Autre,Entreprise,43.78430331986662,81.59119521686124,12.704248601712063,23.0,Prépayé,60.0,2024-10-19
CUST_00212,48.62678768216719,M,Sfax,Particulier,53.56845205757137,57.926831577777314,1.759605160958185,21.0,Postpayé,56.559004264263024,2022-08-03
CUST_00213,46.448021161918426,F,Autre,Entreprise,47.59485356633007,57.99775926996891,15.340980330480978,19.0,Postpayé,34.87850993016027,2023-06-22
CUST_00214,42.81669501566957,F,Autre,Particulier,48.155789374660664,67.74229004469835,5.636662713324823,16.0,Postpayé,27.81564159377049,2023-09-09
CUST_00215,31.21676906431585,F,Tunis,Particulier,17.910382966874465,74.71192196827516,8.343986984532203,16.0,Hybride,35.83985812413666,2022-08-28
CUST_00216,44.10763064591921,F,Autre,Particulier,86.4184446846235,73.64997274168262,8.29138751230137,,Postpayé,31.517808467290404,2023-05-12
CUST_00217,25.72609742554914,F,Sfax,Entreprise,14.656009718969647,71.7369356257992,7.807600288882899,17.0,Hybride,43.47387125159841,2024-12-06
CUST_00218,32.15817671911989,M,Sousse,Entreprise,67.24789918128693,67.4749120021258,7.945857531776192,23.0,Postpayé,29.759446157934256,2024-11-28
CUST_00219,29.17563742605076,M,Sousse,Entreprise,43.49411203286533,52.60984546423513,14.082542531030857,22.0,Hybride,38.446961747987196,2023-01-17
CUST_00220,35.98248967263587,M,Autre,Entreprise,59.93851766378536,81.5442149295274,5.148959946659639,26.0,Postpayé,31.522927305689358,2022-12-13
CUST_00221,62.77590280008211,F,Tunis,Particulier,40.203917847121346,55.9637802647599,2.5864263014020836,19.0,Prépayé,36.49702503599975,2022-04-03
CUST_00222,18.0,F,Sfax,Particulier,53.63269962116887,72.26179417028264,,25.0,Postpayé,38.964988789005076,2022-12-26
CUST_00223,43.23512228449416,M,Bizerte,Particulier,76.03254856555773,47.849936122763914,2.031084080158447,20.0,Postpayé,44.99980643261791,2025-01-27
CUST_00224,18.0,F,Bizerte,Particulier,56.603397962457045,83.41207489450836,2.3313768263983614,16.0,Prépayé,39.0201248241806,2023-03-29
CUST_00225,29.3368176105268,M,Bizerte,Particulier,42.35638831479637,69.76061161259878,2.386913551481689,14.0,Prépayé,34.15502233192075,2022-05-26
CUST_00226,48.067407163608394,F,Tunis,Particulier,57.46865123763368,54.29381112339582,4.346323103586045,15.0,Postpayé,46.74003006323195,2023-08-19
CUST_00227,35.77136022914555,M,,Particulier,46.83710518713922,61.38091739602011,4.221604411428496,23.0,Hybride,39.5020849909548,2022-08-26
CUST_00228,22.067062664848326,M,Sfax,Particulier,27.98610764530042,64.74666045848129,9.06793563787409,7.0,Prépayé,34.88887595516935,2024-08-26
CUST_00229,26.41635548888038,M,Autre,Particulier,64.80881967227225,90.06710138373687,4.395196625224297,15.0,Postpayé,45.26951836086592,2023-12-08
CUST_00230,43.15517298721611,M,Tunis,Particulier,77.09998168630267,60.73768076042839,5.027971270775248,16.0,Postpayé,41.25042037308927,2022-07-28
CUST_00231,26.23560041939436,M,Tunis,Entreprise,22.638556332812332,88.07373374271502,26.431093756087122,21.0,Hybride,44.383170070024605,2024-08-06
CUST_00232,37.5975030749837,M,Autre,Particulier,19.93047638799568,54.18684146262905,0.8473969398470753,24.0,Hybride,50.519004062858485,2023-12-11
CUST_00233,35.54686207884576,F,Tunis,Entreprise,44.872718498768826,66.37953231917702,11.994621927888426,28.0,Postpayé,30.155945723876496,2023-08-11
CUST_00234,27.180795828730197,M,Autre,Particulier,87.99685452623388,66.11726192250072,4.630252989957374,19.0,Postpayé,60.0,2024-11-22
CUST_00235,60.72732907190391,M,Bizerte,Particulier,43.60573464404428,85.97034946228122,,25.0,Prépayé,43.2839157704687,2023-11-07
CUST_00236,42.60702826781613,F,Autre,Particulier,99.69692766649925,64.90570203420653,3.7085675177191857,18.0,Postpayé,29.81140406841305,2024-10-17
CUST_00237,18.0,F,Tunis,Particulier,45.75264530330023,68.43898568742047,4.3776579739113375,15.0,Postpayé,52.08663486093439,2024-06-27
CUST_00238,37.23745177723313,M,Tunis,Particulier,73.2128190548578,86.67088503364586,10.437663081130701,19.0,Postpayé,33.339823128685936,2024-07-17
CUST_00239,27.058562422779346,M,Bizerte,Particulier,58.31362255648601,76.83844226457205,6.985382881043816,20.0,Postpayé,56.813147478718484,2022-07-13
CUST_00240,45.22920001755469,M,Autre,Particulier,30.831164489962227,54.84458418987922,4.515702126435793,21.0,Prépayé,30.58234330923624,2023-09-08
CUST_00241,25.48975113880759,M,Bizerte,Particulier,57.82493909632596,76.15877959981945,3.183338827870499,13.0,Postpayé,38.47050836330809,2024-11-10
CUST_00242,33.62316270239721,F,Tunis,Particulier,36.91042506326255,77.89010653653663,2.5680102013163593,26.0,Prépayé,46.96246516327666,2023-05-15
CUST_00243,41.05984734776548,M,Bizerte,Particulier,23.54504592826606,59.62805387363675,3.8606494182733777,17.0,Prépayé,45.43427774057744,2023-05-14
CUST_00244,45.389062330041455,M,Bizerte,Particulier,53.78161677801748,64.0454034905349,4.767943737546347,26.0,Prépayé,42.32311886785531,2023-04-15
CUST_00245,20.596443115330686,F,Bizerte,Particulier,53.99639388886715,81.9863517611373,13.187888237402813,21.0,Prépayé,49.06609411115871,2022-06-12
CUST_00246,30.98598516990862,M,Bizerte,Entreprise,86.76816913201608,59.56224392479626,11.482510246022713,20.0,Postpayé,35.368736192718785,2022-04-21
CUST_00247,29.300656266068525,F,Autre,Particulier,50.972365016423026,77.8633749977531,3.4372402277231218,24.0,Prépayé,49.737259611063664,2024-10-04
CUST_00248,27.160049209115456,M,Sousse,Particulier,15.527696176692206,80.25835641757195,0.8509179615849343,27.0,Prépayé,33.76392736261991,2022-09-21
CUST_00249,56.185450883373164,F,Tunis,Entreprise,78.8340348255257,73.17918283200137,6.2464386705085,24.0,Hybride,28.384531284212944,2023-10-05
CUST_00250,39.85978053153147,M,Sfax,Particulier,38.75250439461856,76.06905501399727,3.8640042367189436,12.0,Prépayé,55.24296941632095,2022-08-11
CUST_00251,19.86939254797946,F,Tunis,Particulier,24.229798362959784,69.90587974425488,6.074649191284347,22.0,Prépayé,34.434384123567064,2024-04-01
CUST_00252,46.014343364657314,F,Sfax,Particulier,23.06604873308089,61.77571694598224,3.954861700359819,18.0,Prépayé,28.69941030412966,2022-04-17
CUST_00253,60.4658743641516,M,Sfax,Particulier,63.533004662397275,78.63139651024453,13.532526076048793,24.0,Prépayé,45.61369724119357,2022-04-28
CUST_00254,47.38958312661376,F,Tunis,Particulier,46.85969877930302,68.98506782698365,4.565621472991471,22.0,Prépayé,40.7858527081299,2023-08-16
CUST_00255,18.0,F,Sfax,Entreprise,30.45135779750495,62.695343304728645,18.484759965576437,20.0,Prépayé,42.48941660165601,2023-10-06
CUST_00256,29.189191125604985,F,Tunis,Particulier,33.07318576139076,81.851513339425,1.649676578282382,15.0,Postpayé,36.41918889904165,2024-05-13
CUST_00257,50.20293379023947,F,Autre,Particulier,56.44614742442473,79.14554350986383,5.098111279115707,23.0,Prépayé,43.900988199752405,2023-06-22
CUST_00258,26.507966412574632,F,Autre,Particulier,18.621856822547965,86.24309547933296,3.1451351833557664,16.0,Prépayé,54.005527641666006,2025-03-17
CUST_00259,40.32583313775474,M,Tunis,Particulier,58.81166932105219,70.99957207587443,9.387020489950633,,Postpayé,41.999144151748865,2023-07-22
CUST_00260,44.29560864115204,M,Autre,Particulier,65.21091149364213,61.176384883549936,4.121400102204367,22.0,Postpayé,27.45080184072903,2024-04-06
CUST_00261,23.876834341063002,F,Sousse,Particulier,32.70883208125173,77.97237840348743,10.602000852977003,14.0,Hybride,39.236390006227545,2024-09-18
CUST_00262,34.2856957272584,M,Tunis,Particulier,63.85759756719064,88.88622674067663,7.6115029601998785,18.0,Postpayé,43.364881839801036,2024-04-02
CUST_00263,18.0,F,Tunis,Particulier,32.560250075995974,73.39263137400987,3.785476311533341,23.0,Prépayé,56.154534838318874,2022-05-02
CUST_00264,22.70734830398852,F,Sousse,Particulier,63.24331092231371,75.98794592166769,2.534997386991223,22.0,Postpayé,46.1306652339763,2023-02-22
CUST_00265,31.969182183282076,M,Bizerte,Particulier,37.740571068709734,66.29970423439411,3.2724630831615107,23.0,Prépayé,32.59940846878822,2024-02-28
CUST_00266,20.026601816421806,M,Bizerte,Entreprise,64.59527129083179,58.30537564911737,8.761813544093023,24.0,Prépayé,38.822322974088976,2024-12-14
CUST_00267,54.588935647179625,F,Tunis,Particulier,33.92424840938139,74.8518699851232,7.583452335664807,19.0,Postpayé,46.768372519849414,2022-05-25
CUST_00268,18.0,M,Tunis,Particulier,75.23750803980472,93.68642181877024,5.203993911203055,28.0,Postpayé,44.132956644261924,2023-10-21
CUST_00269,29.719466159636195,F,Sfax,Particulier,40.12244313732387,59.3613497866671,8.373595286919075,16.0,Postpayé,44.783779967480726,2022-06-24
CUST_00270,36.5688869274331,M,Tunis,Particulier,21.480123801220063,55.39098760208595,11.064424333867935,16.0,Hybride,28.816250237409182,2023-02-06
CUST_00271,52.29527946879338,F,Tunis,Particulier,49.24135331637592,69.83967633528387,5.372170572461994,25.0,Prépayé,45.499325698508045,2023-10-23
CUST_00272,18.0,M,Tunis,Particulier,78.17319979114541,80.5935165922419,2.7285934495337427,17.0,Postpayé,41.39213437235421,2022-04-29
CUST_00273,48.957965025859515,F,Autre,Particulier,31.154712388569312,61.304860531669284,6.530487543416724,19.0,Postpayé,45.96395364683164,2023-07-14
CUST_00274,35.122796732235045,M,Autre,Entreprise,42.55364381600412,70.39488762096164,28.73070087483201,23.0,Hybride,40.78977524192328,2024-04-15
CUST_00275,23.22189618742459,F,Sfax,Particulier,25.640148290595345,71.76983892865235,8.642361330376247,12.0,Postpayé,38.01892101663913,2022-05-12
CUST_00276,40.54524169115925,M,Autre,Particulier,29.954827343722627,66.02046341008435,6.2439051401465075,18.0,Hybride,50.0465077501917,2022-06-29
CUST_00277,37.38871634688164,F,Sfax,Entreprise,9.439862132348173,66.0520046022485,5.9422588856055825,24.0,Prépayé,43.59131435271412,2023-10-06
CUST_00278,27.797397474094463,F,Sfax,Entreprise,64.87690779956752,62.332991472739764,9.331426836703358,,Postpayé,29.86039890154118,2022-08-12
CUST_00279,35.83762501988023,M,Tunis,Entreprise,44.30390873021968,68.76076420822349,3.4607368415726136,13.0,Prépayé,40.32809022086428,2024-12-27
CUST_00280,30.37623683765888,M,Sousse,Particulier,42.29178925798351,69.61550313526256,2.4313096828976635,18.0,Prépayé,36.500986539730505,2022-10-14
CUST_00281,36.362208143014975,M,Autre,Particulier,38.680314070994925,66.35801679836663,6.6089182238997894,21.0,Hybride,35.42452407829925,2025-01-01
CUST_00282,42.94556809425256,F,Sousse,Particulier,50.27462791146741,84.93721985916572,1.4558054866860997,20.0,Prépayé,43.9613895918063,2023-11-14
CUST_00283,54.03220179374422,F,Sfax,Particulier,83.70499594197481,69.02026935037206,4.246339243888504,17.0,Hybride,40.85769255177972,2023-02-23
CUST_00284,20.146214014077813,M,Sousse,Particulier,44.632504495303905,87.69655360491052,2.2495315358786545,21.0,Prépayé,43.76484197526315,2024-08-29
CUST_00285,60.5964004958752,M,Tunis,Particulier,53.48180233094877,75.64801646248407,2.515136009407939,26.0,Postpayé,48.329444044086415,2023-10-22
CUST_00286,18.0,M,Autre,Entreprise,30.739136128145145,81.79366316331452,10.862480550744872,17.0,Prépayé,38.63332739544833,2024-09-20
CUST_00287,33.178578859573,F,Sousse,Particulier,63.674428146389324,91.6701741769039,3.2754183420746283,13.0,Prépayé,47.855119640167565,2023-05-07
CUST_00288,42.05980647781492,M,Sfax,Entreprise,28.035008193862904,81.85281794723288,,18.0,Prépayé,34.18494745448013,2023-06-28
CUST_00289,38.37190241282039,F,Sousse,Particulier,90.753610083859,76.84734665825896,3.7005388120679936,15.0,Postpayé,50.68107187893914,2023-09-23
CUST_00290,27.527605762152874,M,Sousse,Particulier,22.74403431315855,66.08550285648633,,19.0,Prépayé,34.868373176502715,2024-03-09
CUST_00291,32.5025329957127,F,Tunis,Particulier,108.07034030957678,56.23941884731892,10.236461804269085,20.0,Postpayé,30.789346156555652,2023-05-20
CUST_00292,29.083988784094007,M,Bizerte,Particulier,21.48312386305251,54.22533549487173,7.822832874443657,14.0,Prépayé,42.69825130229403,2023-02-14
CUST_00293,27.927622916669463,M,,Particulier,31.362251345402623,66.69813420621273,7.802994946288025,20.0,Prépayé,38.954446262943186,2024-09-09
CUST_00294,45.19522516425229,F,Bizerte,Particulier,41.67951888718281,65.79801786135128,3.072018976621578,18.0,Prépayé,39.995782683726134,2022-06-25
CUST_00295,39.284185831580565,F,Autre,Entreprise,148.98253510627455,76.66721118511948,13.470849894436444,17.0,Postpayé,29.944425737490644,2024-01-09
CUST_00296,26.68508485687215,F,Autre,Particulier,77.52034184264572,50.81545313560641,5.907158626193997,13.0,Postpayé,30.296033681042072,2022-10-13
CUST_00297,45.79519850519901,M,Sousse,Particulier,61.82914871322293,70.86985621901414,3.226842702211038,31.0,Postpayé,36.28818503656566,2022-04-04
CUST_00298,38.68759425051931,M,Sousse,Particulier,27.839377522105647,51.05935848463533,5.007132380892424,36.0,Prépayé,45.88388138467239,2023-02-12
CUST_00299,44.75434542606752,F,Tunis,Particulier,105.95610472527905,72.41769424533737,1.6689555583315547,26.0,Postpayé,36.63715895346673,2024-10-04
CUST_00300,42.555546103083344,F,Bizerte,Particulier,86.08107750698417,65.21413670310824,2.581404971141599,29.0,Postpayé,30.428273406216473,2022-12-23
CUST_00301,25.05205986893513,M,Tunis,Particulier,43.909948578651026,87.4262184062199,4.923397397886742,22.0,Prépayé,50.7348593210688,2023-09-19
CUST_00302,28.277827517636364,M,Sfax,Particulier,132.1058056100295,49.468931730410404,3.83743910913506,16.0,Postpayé,30.18139929055369,2022-06-08
CUST_00303,43.967523261479144,M,Tunis,Particulier,71.96511617567359,70.14082837910367,6.395215979023057,20.0,Postpayé,40.28165675820733,2024-12-18
CUST_00304,42.32444318520158,F,Tunis,Particulier,38.8974768599379,72.97546931205432,3.283817436677691,19.0,Prépayé,45.95093862410863,2024-12-05
CUST_00305,34.74918087243022,M,Sousse,Particulier,27.66233750653873,71.95565416463938,,31.0,Prépayé,35.765385216300714,2022-11-23
CUST_00306,36.407928599705386,M,Tunis,Particulier,22.321430657950373,70.04397190925529,5.175440044308324,26.0,Prépayé,45.9249414776152,2023-12-23
CUST_00307,50.3319787494611,M,Bizerte,Particulier,52.38300065882353,92.90230782563604,3.1065264458952893,16.0,Postpayé,54.83717970939342,2024-12-17
CUST_00308,27.90114333397004,M,Sfax,Particulier,8.213718160151567,66.93225047315639,4.153965782798077,15.0,Prépayé,45.504892332948685,2024-07-15
CUST_00309,41.565168574040456,M,Tunis,Particulier,41.4896505443108,69.33199400367968,,19.0,Prépayé,38.66398800735937,2022-09-14
CUST_00310,32.57368817079327,M,Sousse,Particulier,39.578805874251856,65.82351461044763,11.857735457261882,19.0,Prépayé,40.0500310860588,2023-01-11
CUST_00311,32.38782556127336,M,Tunis,Entreprise,41.09479417928794,65.66613396995078,6.23758935601784,23.0,Prépayé,23.898365981039206,2023-06-28
CUST_00312,48.185322223846285,F,Tunis,Particulier,21.605255004142904,88.91042740151123,3.849147351377278,19.0,Prépayé,34.712768790168525,2023-01-14
CUST_00313,44.904996187856355,M,Bizerte,Entreprise,35.2135073251371,63.34652579435422,17.18806840319356,20.0,Hybride,24.20887410657691,2022-06-12
CUST_00314,44.762115632007664,M,Tunis,Entreprise,24.26621938107005,71.33303648393981,19.602947322544814,24.0,Prépayé,32.09821571099963,2023-09-18
CUST_00315,50.665745685851945,F,Autre,Particulier,112.78439182984232,59.91539046594105,7.106951126585615,,Postpayé,39.33811736265359,2025-03-04
CUST_00316,35.25204609959311,F,Tunis,Particulier,35.56746444143041,78.14514921614365,9.660985519527031,16.0,Prépayé,42.08208948389755,2023-11-09
CUST_00317,43.18343565553957,M,Tunis,Particulier,71.60995994287151,73.47367854220303,3.0034765808302453,21.0,Postpayé,44.066036357260856,2023-10-21
CUST_00318,31.276798920878527,M,Bizerte,Particulier,97.98570277826637,79.48214479421969,9.148118267203198,22.0,Postpayé,58.964289588439385,2023-02-15
CUST_00319,38.8899962298613,M,Sfax,Particulier,24.305418882254507,56.31038126457102,7.980261824659728,25.0,Prépayé,27.978139237661427,2022-08-21
CUST_00320,33.438283347587785,F,Tunis,Particulier,82.4378687898755,59.31743393213689,2.491734591613029,23.0,Postpayé,31.816519849193096,2024-06-06
CUST_00321,36.16395157991262,F,,Particulier,157.71392495331813,72.26329218689203,4.237298930451434,24.0,Postpayé,41.69272977821968,2023-02-13
CUST_00322,42.14188430524296,F,Tunis,Entreprise,120.70337271254945,70.4942241890648,2.0575438679179308,17.0,Postpayé,46.862967060551654,2024-04-04
CUST_00323,25.181351801198332,F,Autre,Particulier,81.87707626403638,66.88867091938297,5.630657175005923,22.0,Postpayé,33.77734183876594,2023-11-13
CUST_00324,60.10864730822552,F,Sfax,Particulier,48.56471772679478,63.40328491012006,9.054769919595097,23.0,Hybride,40.89618868915567,2023-08-21
CUST_00325,22.927791422003576,M,Bizerte,Particulier,87.71884798522491,69.74732884006005,3.7245514755052445,25.0,Postpayé,42.34148742869398,2025-03-01
CUST_00326,20.429736646547212,M,Autre,Particulier,85.4341287244015,99.9558929537418,2.6943907731199226,14.0,Hybride,56.18108274022155,2024-11-25
CUST_00327,48.89733048200081,F,Sfax,Particulier,124.0855398658768,65.69964710313215,2.56836050370465,30.0,Postpayé,28.822837457121867,2023-08-13
CUST_00328,44.499952327555235,F,Autre,Entreprise,137.75571672356347,93.44429858289222,10.257940476375378,21.0,Postpayé,43.760459358295705,2024-07-11
CUST_00329,42.489437804625865,M,Sfax,Particulier,78.16891986737612,86.8440255961077,7.07061468954354,28.0,Postpayé,47.193263722216436,2022-09-07
CUST_00330,42.54014611117136,F,Autre,Particulier,21.88668327265223,70.9419527455536,11.996928954227698,26.0,Postpayé,44.779495399088994,2022-11-10
CUST_00331,34.853038725837024,M,Tunis,Particulier,101.77002671935861,88.1653064693553,0.9569940211442407,19.0,Hybride,52.00914908509535,2025-03-29
CUST_00332,24.232947542170024,M,Bizerte,Entreprise,22.297434421341404,61.313828268929136,22.375583517104932,19.0,Prépayé,30.454953763679008,2024-03-02
CUST_00333,35.909654698324715,M,Sfax,Particulier,23.516984718285382,64.01731329719321,5.810829751331536,15.0,Postpayé,23.110217879217718,2024-05-29
CUST_00334,26.87405946185466,M,Sfax,Particulier,45.3917932307893,92.28643798203179,8.814654160391541,21.0,Prépayé,51.289242593494706,2023-10-18
CUST_00335,46.70143680101302,F,Sousse,Particulier,22.141665698827534,72.15187217851626,7.716433120050377,10.0,Postpayé,36.135607883992954,2023-10-20
CUST_00336,33.23531142197434,M,Bizerte,Particulier,33.09888685560961,72.1214707599143,5.320042558599575,12.0,Prépayé,38.69513607675828,2022-08-09
CUST_00337,25.09403363848986,F,Tunis,Particulier,10.243677475945079,53.12268251861608,5.199711591921166,22.0,Prépayé,39.79653294372654,2023-05-30
CUST_00338,31.14336990016408,F,Tunis,Particulier,40.08377850724295,67.42661238065885,6.50145241174728,21.0,Hybride,40.4721091263726,2024-04-13
CUST_00339,39.95517745130749,F,Bizerte,Particulier,64.35165056023516,56.35628185929957,4.44121155876303,17.0,Prépayé,48.30600489289361,2023-01-11
CUST_00340,28.235305366352303,M,Bizerte,Particulier,82.34872537398938,73.14557384288625,4.662892616287335,22.0,Postpayé,43.42269380958087,2024-09-03
CUST_00341,25.133355253202822,M,Autre,Entreprise,70.58543792202366,59.09823802685562,14.538989576165708,23.0,Postpayé,28.47443049316437,2022-08-16
CUST_00342,37.924246537902945,M,Bizerte,Particulier,40.347543599918346,66.49033233906526,3.111366902648145,19.0,Prépayé,38.52152570638597,2024-09-07
CUST_00343,37.93959885330467,F,Autre,Particulier,6.46319530800505,72.49307889391831,9.284625021944578,17.0,Prépayé,42.143291948859414,2023-07-15
CUST_00344,28.916681895546443,F,Bizerte,Particulier,51.50891067325988,51.96669599812624,8.856187618886851,24.0,Postpayé,44.35193332812847,2023-04-10
CUST_00345,29.347540332580127,M,Tunis,Particulier,25.825444626195644,82.77689974723704,3.8616726668876096,19.0,Prépayé,37.96149957872841,2023-07-04
CUST_00346,37.784599248291634,F,Tunis,Entreprise,92.59297829131393,59.2415447996685,14.621444833705164,17.0,Postpayé,34.63987454470114,2022-05-27
CUST_00347,18.0,M,Bizerte,Particulier,28.458576681639073,80.42581446092565,6.7863739112685595,20.0,Hybride,48.93669344615861,2022-11-24
CUST_00348,18.11043470748134,F,Sousse,Particulier,35.76409842161849,65.25660688599335,3.6115099223746316,24.0,Prépayé,35.95126434581949,2023-12-11
CUST_00349,26.378669344970767,M,Tunis,Particulier,31.48555965360677,63.96538132726835,7.618528924186631,18.0,Prépayé,45.37586665288261,2024-06-06
CUST_00350,32.438634179457836,F,Sfax,Particulier,52.86120732996176,106.6144625350164,11.639716772359217,18.0,Postpayé,48.075642409744994,2023-09-21
CUST_00351,38.73089078717606,M,Autre,Particulier,54.5291901312893,73.63062233942809,9.462046368255418,22.0,Postpayé,41.59735065274632,2024-12-14
CUST_00352,52.70427460339462,F,Sousse,Particulier,31.352599592163788,65.53276945587095,1.9283270263767325,21.0,Prépayé,33.74034582830806,2024-11-23
CUST_00353,45.29191547842423,F,Sfax,Particulier,11.903199404594522,83.22324236364243,6.9223065975026445,17.0,Prépayé,43.488348902831774,2023-12-28
CUST_00354,33.080737640438876,F,Sfax,Entreprise,98.58500529889389,69.87974565511352,17.244363265341477,14.0,Postpayé,37.019109127673595,2025-02-21
CUST_00355,34.771805505167734,M,Tunis,Particulier,31.744054382462146,70.64913741011583,3.4623959760184038,24.0,Hybride,60.0,2024-09-14
CUST_00356,22.969647624346294,M,Sfax,Particulier,28.89342595681874,81.08375554143008,9.285602065579656,22.0,Prépayé,47.42501007532743,2024-04-08
CUST_00357,34.77784236809132,M,Sfax,Entreprise,135.62566830749785,79.39326878447892,6.424471823105732,20.0,Postpayé,47.0245718231091,2025-03-24
CUST_00358,31.53609633295834,M,Tunis,Particulier,66.22780601159279,72.3439390769826,4.413187569139858,6.0,Hybride,50.71653974371377,2023-10-29
CUST_00359,38.872622724057074,M,Bizerte,Particulier,38.931825052793066,58.49915823248265,3.294419436691027,14.0,Postpayé,24.4662941116652,2024-09-18
CUST_00360,25.073228677372125,F,Sfax,Particulier,12.420040771546669,63.731290838061426,2.9498600770621484,19.0,Postpayé,38.54628443056831,2024-05-19
CUST_00361,41.23215817089407,F,Autre,Particulier,88.12267731509012,79.52329345629728,6.495462315528421,14.0,Postpayé,50.043949917542044,2022-06-10
CUST_00362,53.39286695603093,M,Autre,Particulier,42.0431301793318,65.97442547955552,,21.0,Hybride,34.64168465215413,2022-04-10
CUST_00363,33.69487821851771,M,Tunis,Particulier,76.8467848748383,54.79254396728858,4.565634497013965,18.0,Postpayé,27.4245208541595,2024-04-22
CUST_00364,39.820540665187295,M,Bizerte,Entreprise,97.86567265930796,85.79313216193775,12.994733152948045,18.0,Postpayé,40.64447895399629,2023-08-08
CUST_00365,43.281727900533355,F,Sfax,Particulier,104.77000433636763,58.07645497235811,3.3246167822325043,21.0,Postpayé,31.991943118995685,2022-05-24
CUST_00366,30.185354337369965,M,Autre,Particulier,57.39236026873553,54.47701330081392,10.182046435850918,18.0,Postpayé,32.870764148326636,2023-07-20
CUST_00367,37.689109781725,F,Tunis,Particulier,31.11409093940241,51.031654312638,4.790949776489201,21.0,Prépayé,37.923390034156746,2022-12-30
CUST_00368,35.15110880938154,M,Bizerte,Particulier,38.98239509875405,68.74445512779462,12.66648447664313,18.0,Prépayé,29.706519109046454,2024-08-08
CUST_00369,36.17211318258598,F,Sousse,Particulier,85.99883159343241,74.22417849590015,1.891377009155212,22.0,Postpayé,37.452182399815094,2022-04-03
CUST_00370,25.723882593734402,F,Tunis,Particulier,35.70248891448962,63.792037773938354,,20.0,Prépayé,41.76008394208523,2024-01-09
CUST_00371,35.29412209110731,M,Tunis,Entreprise,128.87462027735597,64.21562075746256,11.791573865377723,17.0,Postpayé,60.0,2023-07-30
CUST_00372,40.9759794949454,F,Bizerte,Particulier,39.93129133681623,66.29857930059113,4.119262359784757,21.0,Prépayé,35.30322306243088,2025-03-23
CUST_00373,52.4137232935405,M,Bizerte,Particulier,97.21974810712192,71.81623844016248,5.339197511580755,12.0,Postpayé,38.10815084646631,2023-12-25
CUST_00374,46.51124991302248,F,Sfax,Particulier,37.0742708590182,69.58293784268456,7.2177755823176,23.0,Prépayé,44.96445383892615,2022-07-05
CUST_00375,60.838189490138674,M,Sousse,Particulier,42.53184759322278,61.40666557399847,8.00196398657183,20.0,Postpayé,36.459256831107716,2024-11-17
CUST_00376,25.791829245343408,F,Sfax,Particulier,51.42983126696224,63.048933418527255,4.887331807643204,21.0,Postpayé,34.146666847930334,2024-03-11
CUST_00377,45.46784764064814,F,Bizerte,Particulier,17.78153766319619,70.59114528277405,6.694844524522581,29.0,Prépayé,50.193926133561824,2025-02-03
CUST_00378,37.20010406886022,F,Tunis,Particulier,110.0085846409418,73.00118808616939,3.101427818814307,17.0,Postpayé,55.321676779083816,2022-07-12
CUST_00379,61.27763519861207,F,Autre,Particulier,14.495854092703663,72.2682133520604,8.089637330103555,24.0,Prépayé,36.355119532189434,2024-11-13
CUST_00380,25.300420575738183,M,Tunis,Particulier,30.524087624364874,61.619613631945796,11.293284988257188,17.0,Prépayé,33.95568180857782,2023-10-13
CUST_00381,24.923337893830688,M,Sfax,Particulier,27.477627782387522,66.41198183547942,8.440409719554319,17.0,Prépayé,32.82396367095884,2024-11-07
CUST_00382,27.807288254671732,M,Tunis,Particulier,27.139058633362385,72.66341334700479,3.2989532207029932,,Prépayé,45.32682669400958,2022-11-13
CUST_00383,18.0,M,Tunis,Entreprise,40.37098864854231,74.46780618794065,5.561168654703025,12.0,Hybride,51.97511466926662,2023-06-14
CUST_00384,28.690939739830867,F,Sousse,Particulier,65.19405768379434,58.644496367287935,17.0483638451742,27.0,Prépayé,43.035356993385214,2025-02-03
CUST_00385,25.890408061355625,M,Tunis,Particulier,24.531049913212797,72.84879770325867,10.880006056429945,18.0,Postpayé,45.697595406517344,2023-07-20
CUST_00386,36.804725437714495,F,Autre,Particulier,56.7756828936232,80.63023894411117,8.018477250871987,22.0,Prépayé,49.315257303909576,2022-06-05
CUST_00387,39.101071709325915,F,Tunis,Particulier,62.979926750075194,105.86925136992774,11.707161596949717,22.0,Postpayé,55.69007554401138,2023-10-06
CUST_00388,57.514050070590635,F,Sfax,Particulier,47.46536819865756,81.72441961425311,5.235103912298601,,Prépayé,43.37617476184755,2024-01-09
CUST_00389,46.405086058232605,M,Sfax,Particulier,72.61783570636248,65.27834534564981,7.935429131938492,13.0,Postpayé,35.99655280343709,2022-11-08
CUST_00390,28.077156132051165,F,Tunis,Particulier,40.0944536878807,74.66362263793857,10.122397008847965,12.0,Postpayé,46.399260074389375,2023-07-01
CUST_00391,24.219023943819707,F,Tunis,Entreprise,126.85590489333146,57.2418713618798,8.879763120918021,15.0,Postpayé,50.63650358389421,2023-07-29
CUST_00392,40.903030058078066,M,Sfax,Particulier,55.12160627394994,79.5745314692424,6.9193896070569965,24.0,Prépayé,37.19746805041792,2022-12-15
CUST_00393,19.157201515752295,F,Sfax,Particulier,41.60286395569778,67.09954983727671,9.502328513142544,18.0,Postpayé,24.258425624586504,2023-02-10
CUST_00394,56.977505190252245,F,Sfax,Particulier,42.52428307595331,78.75190332908598,2.6498044232946,21.0,Prépayé,35.77914367083789,2022-12-15
CUST_00395,49.15328144865545,M,Sousse,Entreprise,24.53374691541527,53.15516946518982,8.338143798378665,13.0,Prépayé,29.646754793145924,2023-11-07
CUST_00396,29.36989217474354,M,Sousse,Particulier,31.772242264610718,78.9599438612475,9.38361043018411,13.0,Postpayé,21.47683670961154,2023-01-09
CUST_00397,18.0,M,Tunis,Particulier,47.67423455452554,62.64162640749423,5.990261398514868,13.0,Postpayé,36.17744871194397,2023-09-14
CUST_00398,51.246468489984956,M,Sfax,Particulier,123.54100516115173,87.3821464402804,5.530671260467167,22.0,Postpayé,38.70181974647682,2024-07-09
CUST_00399,33.62552185696858,M,Autre,Particulier,102.82153140189797,57.599124918229606,5.14666102157798,24.0,Postpayé,43.997812295574036,2025-03-21
CUST_00400,49.853795743681545,M,Sousse,Particulier,28.416170934391005,82.98451115987662,9.929678356179,24.0,Prépayé,45.586861683994066,2024-06-02
CUST_00401,18.0,M,Bizerte,Entreprise,57.77424819965649,60.14487481954484,5.693259509418846,17.0,Prépayé,36.692897317147356,2023-01-16
CUST_00402,27.807499724554724,M,Sfax,Particulier,53.241830453377425,50.62034687619148,3.993962194499445,20.0,Prépayé,44.62956250340424,2022-04-20
CUST_00403,35.0629243966182,F,Bizerte,Entreprise,47.7110050712947,71.91703967064022,4.087986183220082,24.0,Postpayé,43.83407934128045,2024-12-22
CUST_00404,35.5637671251769,M,Bizerte,Particulier,137.19812232816577,79.01780884677387,4.355493681954685,24.0,Postpayé,43.66874335777069,2023-08-16
CUST_00405,29.599214342249077,F,Sousse,Particulier,27.349025732897267,69.27474418190367,5.8186677946751795,9.0,Prépayé,33.22066188827629,2022-05-29
CUST_00406,42.47419918816998,M,Autre,Particulier,62.42649871508911,74.73935707463325,1.3064405444003113,21.0,Postpayé,46.547758969869115,2024-04-08
CUST_00407,22.188554847408867,M,,Particulier,24.881095981995927,63.54262063060258,3.133208597969777,28.0,Postpayé,41.20582362356128,2022-09-15
CUST_00408,33.291446179744476,M,Tunis,Entreprise,52.09847827392212,55.57406637506004,11.969820400862037,28.0,Postpayé,38.93516593765009,2025-03-20
CUST_00409,36.443547580542784,M,Bizerte,Entreprise,65.64422189116537,66.93206272187709,13.713420496024812,18.0,Postpayé,33.86412544375418,2025-01-09
CUST_00410,41.173266008704985,M,Autre,Entreprise,80.4506781104435,73.69831736987892,26.34450572485217,23.0,Postpayé,36.47836549977579,2025-03-25
CUST_00411,43.53937853706668,F,Tunis,Particulier,40.16379773998763,69.61389331062219,7.448768502318619,22.0,Postpayé,48.11466661834507,2024-03-23
CUST_00412,21.50429489794557,M,Tunis,Particulier,22.762678615360286,69.39924862195731,4.772783972442081,16.0,Prépayé,44.58176796241108,2023-12-06
CUST_00413,18.0,F,Tunis,Particulier,64.65701627515541,48.45737290503332,5.726668000309747,,Prépayé,34.603813625092556,2024-08-21
CUST_00414,50.33212186278211,F,Tunis,Entreprise,51.672867346636025,61.89372788752211,11.686536121714234,24.0,Prépayé,40.66756338073207,2023-11-02
CUST_00415,38.9877681437551,M,Bizerte,Particulier,119.83172224560734,69.18511468283995,3.9980202388649415,12.0,Postpayé,44.13565558924989,2022-04-12
CUST_00416,26.018161561321357,M,Sousse,Particulier,68.20356087839679,66.20962588576285,6.135588961713344,19.0,Postpayé,35.121685481148674,2024-08-22
CUST_00417,53.613823706270274,F,Sfax,Particulier,81.53207881978375,71.71975042534623,3.876656585668315,20.0,Postpayé,46.366837602747424,2024-04-16
CUST_00418,36.3880956115143,M,Sfax,Particulier,42.94745979767078,63.09428327434941,,13.0,Prépayé,26.188566548698823,2024-08-15
CUST_00419,49.151566208765914,M,Tunis,Entreprise,137.64100816262237,83.37544178091083,10.286968671222738,29.0,Postpayé,46.27270487879095,2024-06-14
CUST_00420,35.81022177692131,F,Tunis,Particulier,31.415914977927443,77.15687367429351,4.64382472676313,18.0,Postpayé,45.57900693262927,2024-06-11
CUST_00421,59.728975098583845,M,,Particulier,54.60905792003851,78.10367929761959,4.725667878398987,27.0,Postpayé,42.006689632035624,2023-01-11
CUST_00422,56.06409010931846,F,Autre,Particulier,78.19152967767153,82.57366756955604,8.153473494111232,15.0,Postpayé,37.6227792825934,2022-08-18
CUST_00423,32.01243021825112,F,Autre,Particulier,72.82755066006567,67.4766312087847,7.716654579179587,21.0,Postpayé,32.30712001722489,2024-03-08
CUST_00424,46.65885141145226,M,Tunis,Particulier,22.623639043772844,76.93588595595513,4.498443922656563,18.0,Prépayé,39.88342901082752,2023-07-25
CUST_00425,42.744511395021775,M,Autre,Particulier,41.29322602160619,60.27415781596869,7.976656021299657,22.0,Prépayé,43.50989956183022,2024-03-30
CUST_00426,51.42357869038818,M,Bizerte,Entreprise,25.96614838485992,79.16009470727924,10.166371318437722,19.0,Prépayé,46.59276797644304,2023-06-12
CUST_00427,23.420918473038746,M,Bizerte,Entreprise,70.41651897502861,64.11921894741225,10.261097262774445,14.0,Postpayé,33.58170614044218,2024-06-14
CUST_00428,43.232617519981275,M,Sfax,Particulier,40.47295156782486,54.48673389297511,4.000225356060859,16.0,Prépayé,36.216834732437775,2024-09-23
CUST_00429,47.70109384219505,F,Sfax,Particulier,56.892144312420015,73.70415749305535,12.410980010783414,24.0,Postpayé,36.489180542695074,2022-09-25
CUST_00430,18.0,M,Sfax,Entreprise,99.0020404855764,70.47075205092078,23.385209733270045,27.0,Postpayé,28.128640092583243,2022-09-19
CUST_00431,20.8008978480107,M,Tunis,Particulier,49.967749498280924,55.96889838798748,3.478038698996569,18.0,Prépayé,51.26729294050668,2022-07-17
CUST_00432,18.0,F,Tunis,Particulier,49.37114568864771,94.12101485741546,4.336058322368851,15.0,Postpayé,60.0,2024-03-21
CUST_00433,31.767117986665305,F,Tunis,Particulier,25.878488209263487,91.44419638464237,6.598455523836731,24.0,Prépayé,52.40699397440393,2023-03-02
CUST_00434,43.610507069551545,F,Sfax,Particulier,20.12556031672671,59.7821357458136,7.30382904358502,22.0,Prépayé,32.849190546252444,2024-08-26
CUST_00435,53.02828462515234,M,Bizerte,Particulier,69.69944738587299,66.09933511621215,2.6873509599259986,18.0,Postpayé,57.37936932431463,2022-04-30
CUST_00436,35.8891373650373,F,Sfax,Entreprise,37.532110145380294,84.10941398229724,5.999401568765448,19.0,Prépayé,37.88428521688071,2024-09-18
CUST_00437,54.5433865468555,M,Tunis,Particulier,59.46691776864289,79.07615279149563,,15.0,Postpayé,46.437319984251175,2024-10-19
CUST_00438,18.438782501421304,M,Autre,Particulier,79.4124625836632,77.26103428277993,7.3169714310858165,11.0,Postpayé,45.77553638260364,2024-06-28
CUST_00439,18.0,M,Autre,Particulier,36.508090589087566,52.64072139356183,1.9161700085021156,,Hybride,22.420282310608904,2024-04-01
CUST_00440,34.33342761324057,F,Bizerte,Particulier,55.60427696263632,67.32549333855573,3.4974289233656455,16.0,Postpayé,40.261444455324444,2023-02-15
CUST_00441,39.60878538727169,M,Autre,Particulier,38.409656922893845,64.86229464490971,8.664824652437067,20.0,Prépayé,32.372029887570854,2023-12-07
CUST_00442,34.60766302287088,M,Sousse,Particulier,57.34908257877092,61.24648638025938,8.441442328454558,14.0,Postpayé,24.992829347468128,2023-05-12
CUST_00443,18.0,M,Autre,Particulier,31.721404629119355,72.17021049760834,12.035437617955099,24.0,Prépayé,41.51021666197714,2023-12-27
CUST_00444,33.93055952584654,M,Tunis,Particulier,39.024803080499,78.26573807819528,14.272603219757992,22.0,Prépayé,44.93655199665795,2023-10-09
CUST_00445,19.34636599394176,F,,Entreprise,36.816278477599234,71.41234313959309,41.7930138247974,21.0,Prépayé,34.74027007470395,2022-07-31
CUST_00446,43.03607058596046,F,Tunis,Entreprise,8.234063208564772,69.03531521543799,8.516251479566629,25.0,Prépayé,40.88839839885305,2025-01-05
CUST_00447,39.39917895316218,F,Tunis,Particulier,55.12982850116108,83.52134525889035,3.6492474143184843,17.0,Postpayé,51.856991379800654,2024-07-31
CUST_00448,23.721442564071737,M,Tunis,Particulier,52.22779823437782,71.67847680637281,6.7456458598561015,10.0,Prépayé,37.84322462764002,2022-11-02
CUST_00449,28.833596991959677,M,Sousse,Particulier,30.536498384401774,42.72347667783502,2.079368176104054,18.0,Postpayé,29.465080841924312,2023-06-13
CUST_00450,22.28943773733258,M,Bizerte,Particulier,10.774052912902972,78.17971178856712,4.590955127696606,27.0,Postpayé,47.508890167107786,2025-01-02
CUST_00451,34.24785083272194,M,Sousse,Particulier,90.18748043974152,62.816478526595695,5.809278256254508,20.0,Postpayé,36.55756201433846,2023-03-20
CUST_00452,46.46170784601486,M,Tunis,Particulier,52.13064053796779,60.38427711501506,,17.0,Hybride,34.18728247781123,2022-07-20
CUST_00453,23.171287443973476,F,Autre,Particulier,18.798614473716707,74.11365068984378,7.479218986776665,20.0,Prépayé,37.247501277488475,2023-12-16
CUST_00454,41.04855818621413,M,Sousse,Entreprise,73.6431912528707,58.89288709528915,9.009304929950423,19.0,Postpayé,36.96020254718407,2024-02-09
CUST_00455,28.63690857953071,M,Sfax,Entreprise,51.60323620564589,65.89012191228012,4.613214463190691,,Postpayé,26.71177290823102,2022-04-21
CUST_00456,25.48552601285187,M,Bizerte,Entreprise,40.72180543233592,58.34751974531385,5.325158972170555,31.0,Prépayé,42.31102376905818,2023-05-19
CUST_00457,33.715635680545304,M,Tunis,Particulier,12.261637650757784,81.0202087367081,,22.0,Postpayé,42.14071708194405,2022-04-09
CUST_00458,22.57709213096751,M,Sfax,Particulier,62.01783349927082,76.9869162232752,3.7333257482189657,25.0,Postpayé,37.47663611299144,2022-10-14
CUST_00459,28.356208335833816,F,Autre,Particulier,25.18725027861385,76.36301558107414,2.044619961052271,21.0,Prépayé,41.41299181680395,2023-08-08
CUST_00460,20.625465288933817,F,Tunis,Particulier,46.27768933337185,77.17288003025446,3.899172373042014,20.0,Prépayé,45.609207604253704,2023-02-14
CUST_00461,58.57670159499667,F,Sfax,Particulier,11.845480235720572,73.84225519760699,6.706663731998216,23.0,Prépayé,42.004336918474976,2022-10-12
CUST_00462,35.423162623660744,M,Autre,Particulier,71.48446389361253,66.93533972536902,2.34475692478385,19.0,Postpayé,33.870679450738045,2023-12-04
CUST_00463,26.60329390408897,M,Bizerte,Particulier,89.69562797183528,59.50587255468776,5.617797214115041,9.0,Postpayé,32.23527234375058,2024-10-13
CUST_00464,37.56775892881066,M,Tunis,Entreprise,149.04388559811048,86.09133003405292,8.949707058623526,14.0,Postpayé,59.428388951949856,2024-11-04
CUST_00465,33.652063403710045,M,Tunis,Particulier,55.52073431030997,66.85265512922054,6.504163401234287,13.0,Postpayé,42.239691764299,2024-01-17
CUST_00466,32.34836480560132,F,Tunis,Particulier,81.04881153604842,70.56490528582167,7.398756885874141,24.0,Postpayé,38.36255938396403,2022-10-25
CUST_00467,42.3700004005211,M,Sousse,Particulier,26.308264625825892,73.64785697376666,,15.0,Postpayé,44.40756269366013,2024-10-22
CUST_00468,44.090092520567666,M,Sfax,Particulier,69.81998043341684,70.1050359402441,5.340625101391209,,Postpayé,34.81737680816173,2023-01-07
CUST_00469,28.63398622867367,M,Tunis,Particulier,115.55358305334926,101.85301277024621,4.485697026167097,19.0,Postpayé,47.61306198586408,2024-02-23
CUST_00470,28.090181112263842,M,Autre,Particulier,149.6975339873936,69.69815865657911,3.975094057304183,17.0,Postpayé,36.663056189370806,2023-08-23
CUST_00471,31.69937963418027,F,Sousse,Particulier,84.4997934159235,62.738194928404866,3.3844430071522167,26.0,Postpayé,25.476389856809732,2022-11-18
CUST_00472,18.0,M,Tunis,Particulier,30.439059495459848,77.78753936815738,7.011265915667875,20.0,Postpayé,38.906320300281045,2022-05-24
CUST_00473,18.0,M,Sousse,Particulier,82.50272133521108,60.43252350009047,10.860996603373685,15.0,Hybride,31.375051087153206,2024-11-11
CUST_00474,51.4024912093343,M,Bizerte,Particulier,14.273111983423076,79.99074767852805,10.145312355627262,25.0,Prépayé,37.9150822043587,2024-05-07
CUST_00475,54.7396125620154,M,Tunis,Particulier,17.880241031482896,82.08996114058831,2.192046883322053,27.0,Prépayé,36.81660190098054,2024-08-18
CUST_00476,32.01156752532346,F,Tunis,Entreprise,85.62726841429493,74.46118017567831,21.498155936519286,14.0,Hybride,43.19457726091983,2023-09-20
CUST_00477,41.918683556669194,F,Autre,Particulier,31.497906520482193,83.42042026087067,2.887372653259213,23.0,Prépayé,54.482259742353115,2024-01-17
CUST_00478,38.73500185452243,F,Sfax,Particulier,52.57238011083311,79.13211916316138,5.8106064805231785,17.0,Postpayé,46.54096141326181,2024-03-10
CUST_00479,71.94656970146285,F,Sousse,Particulier,44.41203702206361,78.21871021304896,6.424964406212343,16.0,Prépayé,42.21583675099811,2023-10-27
CUST_00480,48.434898937214925,M,Sfax,Entreprise,35.214602832261086,66.14141096741074,3.611148912203646,19.0,Prépayé,40.72640631363986,2023-07-20
CUST_00481,33.4649889022308,F,Tunis,Entreprise,51.77513434881528,79.81691768851223,9.566056985244412,15.0,Prépayé,42.53021015805756,2023-02-03
CUST_00482,23.53351471279489,M,Tunis,Particulier,35.957016191220205,88.6506405775486,11.123141134155158,17.0,Prépayé,52.8459320302562,2022-04-01
CUST_00483,18.0,M,Sfax,Particulier,36.33198580342591,67.80317218612164,0.8735450768071767,16.0,Prépayé,44.262068481109864,2023-09-27
CUST_00484,37.44156363040668,F,Tunis,Entreprise,109.1984148883424,61.53213569144644,35.55051198434558,,Postpayé,25.575787125400886,2024-01-09
CUST_00485,25.92379105658836,M,Tunis,Particulier,67.07023681611442,88.25371866469833,1.1373686993332595,23.0,Postpayé,31.72196815626615,2024-12-14
CUST_00486,18.0,F,Autre,Particulier,29.995809814899367,92.67355854135694,6.330420835135841,17.0,Hybride,49.47348151831765,2022-09-27
CUST_00487,27.24112538908968,M,Autre,Particulier,97.60808593724676,89.45444575645163,1.8708818448629476,22.0,Postpayé,41.991183740399435,2022-10-09
CUST_00488,22.02142395662726,F,Bizerte,Entreprise,60.96516831107805,62.56612338476725,,16.0,Postpayé,52.600300938456726,2023-10-04
CUST_00489,55.24569962087078,F,Autre,Entreprise,79.85557805084723,70.02248486730537,,17.0,Postpayé,45.88017680688619,2024-06-24
CUST_00490,45.579677083393406,F,Tunis,Particulier,23.204495752963414,71.62364685603004,8.420676730139615,16.0,Postpayé,40.438523247117715,2025-03-07
CUST_00491,34.90432830420059,F,Autre,Particulier,65.80499221741945,57.51707847289624,9.20695611296719,23.0,Postpayé,40.285557250966434,2022-08-22
CUST_00492,52.75932966668031,F,Tunis,Particulier,25.36972389043306,76.78675311803083,4.498141308558232,18.0,Prépayé,34.71360196145759,2024-12-01
CUST_00493,35.92841969177142,M,Autre,Particulier,10.639626249608849,72.9908346953947,1.9602252687308321,16.0,Prépayé,37.7185560290466,2022-11-27
CUST_00494,24.664589584060835,M,Autre,Entreprise,31.15893730195942,55.871061961807214,22.159720937729535,24.0,Prépayé,29.932702236760967,2022-06-19
CUST_00495,53.277488927235886,M,Bizerte,Particulier,31.64731333445524,50.53331944763709,15.548042904061576,18.0,Prépayé,32.982419599044974,2022-08-30
CUST_00496,41.46692052421591,F,Autre,Particulier,82.46876954379425,55.13352235850543,5.637159446476494,22.0,Postpayé,31.27029132977483,2024-01-08
CUST_00497,22.553046148082522,M,Sousse,Particulier,53.52192462705661,64.0727747038227,4.184769336332254,24.0,Prépayé,39.28864066048414,2022-07-09
CUST_00498,32.7159358629967,F,Tunis,Particulier,106.50370055216784,70.4765083257172,3.169605706245301,15.0,Postpayé,35.5317467802254,2022-05-18
CUST_00499,24.492580959382913,M,Sfax,Particulier,37.46232074080193,70.01190086381524,8.113157872916908,16.0,Hybride,27.294365206936806,2022-04-11
CUST_00500,18.40640322842797,M,Sousse,Particulier,50.794030342879,76.55129143425523,9.45532752553638,15.0,Hybride,44.43639893255704,2025-01-06
CUST_00501,46.1141305703797,F,Tunis,Particulier,58.53869530936323,73.58824263919837,4.185933758625687,24.0,Hybride,36.27452340592289,2024-08-18
CUST_00502,57.912999685641566,M,Sousse,Particulier,26.582137768267692,70.67792554766768,12.436422885503122,19.0,Prépayé,47.245678224307674,2024-09-26
CUST_00503,18.217189114170306,M,Autre,Particulier,32.0826155565727,79.09046469942005,7.728119129698894,22.0,Postpayé,43.80084490803646,2024-03-21
CUST_00504,41.75563084028685,M,Tunis,Particulier,29.61458404713995,69.28863885786049,5.59861627575359,21.0,Prépayé,60.0,2025-01-18
CUST_00505,27.192289170538075,F,Bizerte,Particulier,116.82986478386746,52.95744770388571,6.451649980881477,15.0,Postpayé,39.36170448390977,2025-01-16
CUST_00506,29.15449539482365,F,Autre,Entreprise,31.25933720009863,74.17265309293647,5.427666365651579,10.0,Postpayé,34.859369259884495,2024-10-29
CUST_00507,27.89127290913357,M,Autre,Entreprise,42.69574963286875,70.42354004709578,16.120868042495914,14.0,Postpayé,32.87460386244487,2024-12-25
CUST_00508,24.632110763842206,M,Autre,Entreprise,47.33175739722435,68.3462655600796,5.676763166039281,22.0,Postpayé,45.417586298041684,2024-01-11
CUST_00509,35.582259535337926,M,Sousse,Particulier,42.941692353992174,80.51323754026487,3.850474721030893,16.0,Postpayé,46.3877046186634,2022-12-24
CUST_00510,25.028598603067547,F,Autre,Entreprise,44.500043538056566,75.33834419009295,10.197804806763003,12.0,Prépayé,39.51545220387584,2022-04-21
CUST_00511,38.24548190935806,F,Bizerte,Particulier,24.035760908038977,65.21778143569408,14.18916828877128,29.0,Prépayé,41.77778572976975,2024-03-19
CUST_00512,34.39714268661036,M,Tunis,Particulier,96.49771388154053,74.89745020984482,6.149627453605923,16.0,Postpayé,49.79490041968963,2023-02-25
CUST_00513,32.13262343760309,M,Sfax,Particulier,71.44725028380749,72.95297973093996,3.031688969048334,21.0,Postpayé,45.90595946187992,2024-08-31
CUST_00514,24.109236055500826,M,Bizerte,Particulier,18.20128075449891,88.21421047680694,6.465854927879175,22.0,Hybride,42.2809846400112,2023-04-07
CUST_00515,28.07874403318001,F,Tunis,Particulier,26.859896778861685,67.70966820170051,7.463041825208538,20.0,Prépayé,30.210900387885587,2023-02-15
CUST_00516,44.06469470990908,F,Sousse,Particulier,107.91687047640528,58.59944700898203,10.33769637956344,17.0,Postpayé,33.18056138405009,2024-05-04
CUST_00517,41.01100625149257,M,Bizerte,Particulier,75.12645671757204,72.36181933653158,5.254406543410356,21.0,Postpayé,36.5317345972294,2023-03-11
CUST_00518,23.269337062417385,M,Tunis,Particulier,59.65098435710256,57.546829689913345,3.3404324350026444,22.0,Postpayé,37.016261166460346,2022-12-28
CUST_00519,36.19198766515071,M,Sousse,Particulier,117.45444753659132,60.227514002229306,16.295856644216226,26.0,Postpayé,33.83892000495401,2024-03-02
CUST_00520,44.01664548046147,F,Bizerte,Particulier,27.057876539797327,61.173001817940815,6.474162549696732,24.0,Hybride,32.9847865607409,2023-11-05
CUST_00521,18.0,M,Sfax,Particulier,24.46334500318787,54.935537203703106,3.0443632499559765,18.0,Prépayé,37.33884300925776,2023-05-15
CUST_00522,41.52032230855922,F,Tunis,Entreprise,68.94881189485523,83.09529688385228,,23.0,Hybride,40.83948624381744,2023-07-19
CUST_00523,27.04851489264984,F,Tunis,Entreprise,44.09126683253125,50.404924925336395,,21.0,Prépayé,44.014071215246844,2023-08-05
CUST_00524,41.84718402311791,M,Sfax,Particulier,18.14223622934761,62.153262614807,10.690059116578462,13.0,Prépayé,26.843393091442845,2023-04-13
CUST_00525,25.8408901214898,M,Autre,Particulier,86.47423987500768,67.8010544495832,7.421929773568384,21.0,Postpayé,35.602108899166424,2024-04-16
CUST_00526,18.0,M,Tunis,Particulier,51.095698109965674,81.60407685847694,4.375469348262775,18.0,Postpayé,27.506370091370233,2023-11-02
CUST_00527,18.0,F,Sousse,Entreprise,22.166946054685685,71.09651135543766,18.917063056603727,16.0,Postpayé,39.40492422634833,2024-02-26
CUST_00528,35.577019359936585,F,Tunis,Particulier,60.2120059922384,65.45455077524592,4.970970753709421,16.0,Postpayé,39.2650016494594,2024-08-29
CUST_00529,38.11667002065778,F,Sfax,Particulier,154.0157547178085,76.20903569867886,5.1529926096565495,26.0,Postpayé,38.56188308850704,2023-09-16
CUST_00530,24.148200498747098,M,Autre,Particulier,50.74935216002862,63.158955995726004,3.279868088435612,18.0,Prépayé,37.302078251578266,2024-07-16
CUST_00531,42.663109505328485,M,Bizerte,Particulier,45.65080425377768,52.94144323495009,3.262642132055963,12.0,Hybride,35.74729034602588,2023-05-07
CUST_00532,18.0,F,Tunis,Particulier,14.10708319682861,66.5271152514418,15.692357739351303,23.0,Prépayé,38.5981567738371,2022-05-02
CUST_00533,34.2070424162322,F,Sfax,Entreprise,22.57869079982867,86.55346574833393,18.413679978692997,21.0,Postpayé,44.25577624722324,2022-07-07
CUST_00534,20.467805602850518,M,Tunis,Particulier,33.390125981767994,66.79201629879461,1.3344048006892486,17.0,Prépayé,36.310237344478814,2023-01-01
CUST_00535,27.17796670637409,F,Sfax,Particulier,83.93191860422188,70.51571995100863,2.791956184820219,20.0,Postpayé,30.584666575941917,2024-09-02
CUST_00536,35.56878405579697,F,Bizerte,Entreprise,95.8536448487638,83.63283696876508,4.811145691301152,25.0,Postpayé,41.750571133500145,2024-07-02
CUST_00537,24.67503961659257,F,Tunis,Entreprise,42.45133258373869,71.76378861053773,11.062770521789023,21.0,Prépayé,46.456711450077,2023-08-10
CUST_00538,30.385333469242095,F,Tunis,Particulier,44.07017971439815,63.83256568556505,4.08975265239317,17.0,Prépayé,30.270542215438876,2022-04-12
CUST_00539,47.07551371057329,F,Sfax,Particulier,37.03040666768398,67.22656956431214,11.896291508419786,17.0,Prépayé,29.28186454675412,2022-05-27
CUST_00540,28.077297565722215,F,Autre,Particulier,54.284188971005406,65.02456048216176,4.336154433561468,27.0,Prépayé,30.04912096432353,2022-06-12
CUST_00541,45.0283053447817,M,Autre,Entreprise,25.3454611692329,74.78043218021284,29.60073917524869,12.0,Prépayé,38.482281815208964,2024-07-19
CUST_00542,21.443517744108583,M,Tunis,Particulier,71.05536707658604,71.50326147341596,5.064351935619642,15.0,Postpayé,55.44187276829558,2023-03-25
CUST_00543,41.357650134983395,F,Bizerte,Entreprise,27.362261244441058,73.59279245111779,33.20318467227108,29.0,Postpayé,53.318317606495384,2023-04-09
CUST_00544,52.298823447894804,M,Sfax,Particulier,53.75516180192784,62.383968893811854,4.699415484662739,17.0,Postpayé,41.78174748593603,2023-10-13
CUST_00545,18.0,M,Sfax,Particulier,107.42131785794535,55.85425271074069,4.756963641610947,18.0,Postpayé,29.893610955210914,2022-06-11
CUST_00546,25.43725693435428,M,Bizerte,Particulier,93.08894497544244,65.86603048446644,9.091373308115513,21.0,Postpayé,53.176815080154505,2025-03-14
CUST_00547,41.92486552616648,M,Autre,Particulier,17.842607355074662,81.53326444430158,8.347821517791218,20.0,Postpayé,53.83634800811618,2022-10-31
CUST_00548,32.56345536748409,F,Autre,Particulier,159.21081974263663,96.85819328480478,2.1267059648716597,11.0,Postpayé,32.682456554527114,2022-08-20
CUST_00549,39.4537504804557,F,Sousse,Particulier,75.2159700756585,65.57022236137111,5.61197627141572,23.0,Postpayé,39.51111140717257,2022-12-26
CUST_00550,27.752177759410152,M,Sfax,Particulier,75.86582362132813,87.84211583656571,4.065791052424925,23.0,Postpayé,46.403526394276184,2022-07-13
CUST_00551,36.0390774496748,M,Bizerte,Entreprise,24.314784879153788,77.27383457222724,7.779925307447487,19.0,Prépayé,51.51732269064166,2022-11-04
CUST_00552,33.13187317529505,M,Tunis,Particulier,57.69771361782221,66.36130539006659,5.595690482751198,19.0,Postpayé,38.25271956263873,2024-09-27
CUST_00553,49.01338473991769,F,Sousse,Particulier,74.83278078808391,48.65796402227694,4.446490272547774,18.0,Postpayé,47.44837582508164,2022-05-30
CUST_00554,38.053050119614554,F,Sfax,Particulier,42.34081224361327,69.90437839954916,5.95365826161804,15.0,Prépayé,42.661996733773805,2025-01-10
CUST_00555,39.051231944902426,M,Bizerte,Particulier,81.0445814380056,74.28126202284705,2.7062191868927847,19.0,Postpayé,23.80210337141175,2023-01-12
CUST_00556,30.05747640653039,F,Tunis,Particulier,25.254983811048586,81.02439305243949,1.7764748428851846,17.0,Prépayé,42.14805798673595,2024-06-02
CUST_00557,29.14872531113008,F,Tunis,Particulier,20.852093651341672,67.8258892507928,,17.0,Prépayé,41.303935939151664,2024-11-18
CUST_00558,29.80930174616455,F,Autre,Entreprise,20.14797244075983,74.91309131082087,20.22360778207048,23.0,Prépayé,56.068940230876805,2022-06-06
CUST_00559,39.73342570853956,F,Tunis,Particulier,111.15443516893839,70.00298349638942,8.963812503360005,20.0,Postpayé,40.00596699277883,2023-03-06
CUST_00560,29.948186230156843,M,Sousse,Particulier,105.2096001448133,70.47755678900866,5.446253401053717,17.0,Postpayé,43.83174854899725,2023-07-11
CUST_00561,38.477298282756955,F,Tunis,Particulier,87.00758599878884,90.56633892701392,4.234859493271076,22.0,Postpayé,56.14886021898949,2022-06-25
CUST_00562,59.90480958374526,M,Tunis,Particulier,51.70499623593052,72.25977154856592,3.5579530233440395,19.0,Prépayé,44.519543097131844,2023-02-17
CUST_00563,45.453496441180306,F,Tunis,Particulier,66.02172373028017,81.11946453485467,3.135675929960346,25.0,Postpayé,35.19910755809112,2024-11-10
CUST_00564,31.087717613985905,F,Tunis,Entreprise,101.18436737140163,61.1957244509698,10.135554505325688,17.0,Postpayé,39.08119193402227,2023-12-04
CUST_00565,49.41456706596734,F,Autre,Entreprise,41.54782309420285,75.99373090494363,19.942544529758734,12.0,Prépayé,33.322334920953736,2024-04-20
CUST_00566,30.103095523741384,F,Tunis,Particulier,102.40246480760395,79.19544278395054,3.3645788443952864,21.0,Postpayé,38.939373305176396,2023-12-13
CUST_00567,18.0,M,Autre,Particulier,19.132931973785812,69.13172197820879,9.980985143762776,18.0,Prépayé,38.26344395641759,2022-04-01
CUST_00568,22.902964268991152,M,Sousse,Particulier,7.581532839538342,65.48453792548601,1.8468895683761115,17.0,Prépayé,36.42612067809585,2024-10-07
CUST_00569,18.0,F,Sfax,Particulier,78.83995895095114,48.0470434851478,6.138730783705071,23.0,Postpayé,41.314833779846474,2022-12-10
CUST_00570,30.781838191504296,F,Sousse,Particulier,59.235548974848825,56.29329587790412,6.904671239949026,23.0,Postpayé,27.93930881341846,2022-11-16
CUST_00571,35.22102055027462,M,Sousse,Particulier,9.293757499413555,63.61847124826292,3.8063821764515464,19.0,Prépayé,59.04617812065731,2023-12-18
CUST_00572,55.117247747303395,M,Bizerte,Particulier,55.56541629864772,66.44585657857986,2.5856545901245394,20.0,Prépayé,38.42886787204138,2023-06-26
CUST_00573,38.923128485169954,M,Tunis,Particulier,49.15897279628218,76.75035854597952,8.601499709484354,22.0,Prépayé,39.54610644723549,2023-05-20
CUST_00574,32.37079365429363,F,Sfax,Particulier,38.256470155663536,68.83284186801883,5.4713383534263755,22.0,Prépayé,52.96187081781963,2022-08-19
CUST_00575,44.95286697420187,F,Autre,Particulier,21.49018506065032,85.18498832863773,19.410815661190625,21.0,Prépayé,44.38133615023342,2022-12-03
CUST_00576,18.0,M,Autre,Particulier,12.456862172796333,57.22004395622975,10.057324367127856,20.0,Prépayé,36.23819989578513,2024-08-02
CUST_00577,37.827374697302794,M,Autre,Particulier,19.74578867082426,76.87576990724396,10.102610722041112,23.0,Postpayé,37.278160548649936,2023-04-29
CUST_00578,44.2503823266436,F,Sfax,Entreprise,53.563871091079235,68.71853416418375,1.4224627323417391,15.0,Postpayé,49.38811774822553,2024-04-25
CUST_00579,18.0,F,Bizerte,Particulier,95.05635358089671,60.375613648921714,3.4089368216762574,29.0,Postpayé,50.9390341223043,2023-01-28
CUST_00580,48.72504851848315,M,Sfax,Particulier,59.53321649799593,70.41934492225907,2.3759718677883823,20.0,Postpayé,35.421817158190535,2023-03-18
CUST_00581,39.06195688993297,F,Sfax,Particulier,40.82837544041149,74.80546168641308,1.1272015630974759,24.0,Prépayé,52.66420752329202,2023-12-24
CUST_00582,30.016545033190383,M,Tunis,Entreprise,41.74299206990832,68.06132063397497,10.418289602210912,15.0,Prépayé,28.417586101839568,2023-01-20
CUST_00583,42.59338239327542,M,Sousse,Particulier,94.43648900151327,64.80405972565346,8.479228087151634,19.0,Postpayé,54.295380299174916,2025-03-16
CUST_00584,62.248314293652754,F,Tunis,Particulier,11.26010425539749,58.55651426701906,2.7650891685125067,15.0,Prépayé,42.820766504924535,2022-05-01
CUST_00585,37.18239506070194,F,Sfax,Particulier,22.45323796326221,54.90215281216153,1.1846686140505112,22.0,Prépayé,52.50598003378204,2024-09-04
CUST_00586,37.978647035604034,F,Autre,Particulier,40.48895915240243,74.15282692266354,2.925188804867184,14.0,Prépayé,45.39769984835986,2022-04-12
CUST_00587,29.487669205517072,F,Tunis,Entreprise,130.56192888740583,78.81659585452039,9.656850110371671,,Postpayé,35.89068250779376,2024-03-31
CUST_00588,24.801867566422498,F,Tunis,Particulier,114.25315225958752,63.86945282648877,4.6101301348161945,23.0,Postpayé,38.84663657932342,2023-08-01
CUST_00589,44.964029798530945,M,Tunis,Entreprise,53.37112616539486,66.72344344401091,10.73569935642096,21.0,Hybride,36.17029274287942,2024-10-22
CUST_00590,24.726994089093594,M,Autre,Entreprise,119.63517572348272,71.00056673630051,13.642044282886959,21.0,Postpayé,33.96333346471793,2024-02-28
CUST_00591,35.85879484663271,M,Sousse,Entreprise,79.7788659005065,87.81446626298874,10.575654007768152,16.0,Postpayé,43.95814141473563,2023-01-27
CUST_00592,29.268110638818598,M,Sfax,Particulier,14.373671809584671,53.18358424891453,8.750100552899466,22.0,Prépayé,26.627581545034598,2023-11-17
CUST_00593,40.7477579089567,F,Autre,Particulier,43.73559036662104,77.46843080366476,2.8008752947029034,,Prépayé,38.336483577972785,2024-09-03
CUST_00594,39.00394526344338,F,Autre,Particulier,54.13827811975303,75.8763157012459,4.490462483662988,16.0,Prépayé,40.511695743047966,2024-01-23
CUST_00595,47.45047933109479,M,Sfax,Particulier,69.37164205094105,54.55922176121512,7.481253966781108,28.0,Prépayé,26.88191107259329,2023-07-31
CUST_00596,28.879803213743035,M,Bizerte,Particulier,24.657376723363058,62.73544356039578,6.305423786788208,22.0,Prépayé,42.58055354635405,2024-03-07
CUST_00597,31.761500776479544,F,Bizerte,Particulier,18.114423962043844,81.40235998578324,13.836469759353829,20.0,Prépayé,45.361357117470064,2022-07-08
CUST_00598,23.254835410612312,M,Bizerte,Particulier,47.28120745742338,70.49880804209275,2.882413564542497,27.0,Prépayé,43.875118453250515,2023-08-26
CUST_00599,29.668480879086662,F,Tunis,Particulier,39.39853343157883,83.36545809820059,7.559637795701191,13.0,Prépayé,43.73354844517344,2024-01-24
CUST_00600,39.52760591653823,F,Autre,Entreprise,54.002221349572636,61.92299279835727,7.057798957755635,15.0,Hybride,40.73407454172106,2024-04-14
CUST_00601,44.083863399744224,F,Sousse,Particulier,120.38551792582658,60.686968448705414,,15.0,Postpayé,31.92819227979437,2024-11-17
CUST_00602,23.934016109868494,M,Tunis,Entreprise,67.42644391090249,69.81921055255916,,22.0,Hybride,55.15380122790921,2022-04-06
CUST_00603,45.435271041267924,M,Sfax,Particulier,41.07309171936334,59.435884877994596,5.2514896923320595,18.0,Prépayé,21.297724240805298,2023-07-01
CUST_00604,51.26765430565941,F,Tunis,Entreprise,56.09455678604434,53.86020504260123,12.483931570389782,16.0,Postpayé,38.10308985282366,2024-12-04
CUST_00605,39.96121883868441,F,Tunis,Particulier,45.4947809926137,73.35865713085171,3.708557896767103,15.0,Prépayé,35.849365057132815,2024-11-02
CUST_00606,57.52154975069679,M,Bizerte,Particulier,17.72825677555257,87.10530771826976,3.8497019978895572,19.0,Prépayé,40.49243180366088,2024-10-03
CUST_00607,25.714529610757126,F,Tunis,Entreprise,37.18190296322475,62.78172897522429,3.5003370147173656,24.0,Prépayé,33.578146755796354,2024-11-03
CUST_00608,20.064143560262995,M,Sfax,Particulier,45.93762773436481,67.50397679519374,5.950444132316074,17.0,Hybride,50.00883732265273,2023-12-22
CUST_00609,18.0,F,Sousse,Entreprise,19.998119727927094,62.85378032836916,5.229882202181445,23.0,Hybride,28.2730210783044,2022-07-29
CUST_00610,52.952531737870196,M,Tunis,Particulier,39.450280684944396,59.34178212328721,4.8837730770823375,15.0,Prépayé,34.867686643834574,2023-09-09
CUST_00611,42.85238787624869,F,Autre,Particulier,24.6836561723548,77.12539738774163,8.744703838295276,20.0,Prépayé,37.723923906681485,2022-06-06
CUST_00612,34.33298394907454,M,Tunis,Particulier,83.61079336761213,74.87464884149118,1.39209221358545,24.0,Postpayé,43.989709310559974,2023-10-22
CUST_00613,38.359623515837846,M,Sfax,Particulier,20.22071597036425,86.42329241247513,22.295049202039984,22.0,Prépayé,44.03882068745856,2024-06-24
CUST_00614,21.494131432419483,M,Sfax,Particulier,47.409474185170176,85.99221409765634,3.232207781955445,14.0,Prépayé,48.2624380994075,2023-11-18
CUST_00615,64.34902375540192,M,Tunis,Particulier,65.1629593469239,84.59687762549754,4.970878520697738,,Prépayé,60.0,2022-12-16
CUST_00616,36.55065418370273,F,,Particulier,37.99631298923072,70.414973500006,6.237423207082031,19.0,Postpayé,46.697861458345855,2024-01-20
CUST_00617,36.31273753525871,F,Bizerte,Particulier,20.20743467543285,60.82549832693952,3.160334170817141,17.0,Prépayé,38.23976892486253,2023-01-05
CUST_00618,43.7091994867843,M,Autre,Entreprise,16.1857892266917,84.09592683109456,7.877723235618248,19.0,Prépayé,47.536713738762394,2023-05-14
CUST_00619,40.772110780840556,M,Tunis,Entreprise,29.53534076381472,73.31728699772097,19.794184472041266,25.0,Prépayé,38.334503769284844,2022-12-24
CUST_00620,37.68660829134958,F,,Particulier,83.02792770235216,51.136743120711394,,22.0,Postpayé,27.841857801778477,2022-08-05
CUST_00621,25.514306534656257,F,Bizerte,Particulier,63.2281946574067,50.100101892061126,4.550078858443246,21.0,Hybride,28.46179972323367,2023-07-28
CUST_00622,40.65762028563195,F,Autre,Particulier,36.85012595137403,81.11050611331959,5.327362861254313,23.0,Prépayé,37.47543409037217,2023-08-14
CUST_00623,57.5842939577004,M,Sfax,Particulier,93.55041171005027,59.13318254412222,5.803700692964295,16.0,Postpayé,31.4070723202716,2024-11-19
CUST_00624,51.14504055385973,M,Sfax,Entreprise,67.77098365392277,74.99328365402748,14.73762855893361,20.0,Postpayé,38.876451211162006,2024-03-03
CUST_00625,54.11823951967276,F,Sfax,Entreprise,35.062180641743936,57.33432204678701,15.352141273660887,17.0,Hybride,47.011082171248745,2023-12-06
CUST_00626,28.86541188282578,M,Bizerte,Particulier,43.84930197672125,56.04058367158842,7.559407795872412,17.0,Postpayé,36.68435041850835,2023-07-12
CUST_00627,23.124742156897028,F,Autre,Particulier,64.3916273780219,67.8844429034078,4.103138635579573,19.0,Postpayé,25.711931302607017,2024-02-06
CUST_00628,33.49055695880422,M,Tunis,Particulier,44.392065519442376,69.41483420332156,5.692867708046512,14.0,Postpayé,44.614237923586586,2023-06-18
CUST_00629,35.668698947464335,F,Sfax,Entreprise,38.22239985525095,59.775540250660896,18.60581935705094,14.0,Prépayé,35.85350056968387,2023-06-12
CUST_00630,48.13029822165139,M,Autre,Particulier,44.75134909860323,70.23530152660778,16.272577446695287,28.0,Postpayé,37.71627750315251,2023-12-25
CUST_00631,18.0,F,Autre,Particulier,36.903992914314415,73.41630178377588,5.597720072450981,24.0,Hybride,60.0,2024-10-30
CUST_00632,53.354603833527364,M,Autre,Particulier,110.90221513300959,68.20755336543083,3.755985002752411,18.0,Postpayé,48.27728992484962,2024-08-21
CUST_00633,33.10390521705213,F,Bizerte,Particulier,77.0844772665624,76.95609319266867,3.120594519927837,18.0,Hybride,50.894300377781725,2025-01-11
CUST_00634,29.87742716063096,M,Sfax,Particulier,114.01169917142145,65.70791513350567,7.593325803590336,18.0,Postpayé,36.89148986147013,2024-12-22
CUST_00635,22.85474749687799,F,Sousse,Entreprise,68.29320608737575,86.15766513412375,3.3788837959261047,17.0,Postpayé,59.551231729858785,2022-10-01
CUST_00636,18.0,F,Bizerte,Particulier,53.62103716837312,58.381392865295815,7.637531706696457,28.0,Postpayé,32.68498378476321,2024-08-30
CUST_00637,44.878047007542975,F,Tunis,Particulier,87.51526698184175,66.53036287655425,7.7149605909025745,15.0,Postpayé,27.943005531835087,2023-04-29
CUST_00638,35.87981560626085,F,Sousse,Particulier,45.21843109255779,81.07496086428583,3.8438912863303862,25.0,Postpayé,60.0,2022-04-20
CUST_00639,19.520469203107353,F,Bizerte,Particulier,64.61326623643787,51.5887622608582,6.155739825740477,19.0,Hybride,25.826249416727332,2022-08-07
CUST_00640,19.459054735236606,F,Tunis,Particulier,51.305735041700466,53.00057794945255,4.644429202394954,19.0,Postpayé,35.898917819109094,2024-11-16
CUST_00641,30.97058360851846,M,Bizerte,Particulier,63.14473880293263,79.62397292349978,2.057481162618613,12.0,Postpayé,44.7708598609087,2024-02-14
CUST_00642,55.02825830347271,F,Sousse,Particulier,97.88044905611966,67.12756184647499,7.31714149594244,16.0,Postpayé,36.995024176479575,2023-02-05
CUST_00643,31.884903783636744,M,Autre,Particulier,12.14205148546265,81.95678466516485,6.939955296458003,26.0,Prépayé,34.35538469699154,2022-04-28
CUST_00644,18.0,M,Tunis,Particulier,24.436758721187015,60.20767221720567,4.041455319166312,18.0,Prépayé,40.01784236559458,2024-07-13
CUST_00645,32.05108323096867,M,Tunis,Particulier,55.12971297794513,72.51973626961274,16.130510708157395,24.0,Hybride,39.46103128771679,2023-03-19
CUST_00646,31.727317163027955,M,Sousse,Entreprise,90.69236365317958,73.34320755047477,,20.0,Postpayé,41.044629904759184,2023-10-03
CUST_00647,18.0,F,Tunis,Particulier,39.276484847807794,76.00246807089978,1.2879212862490417,18.0,Prépayé,52.00493614179957,2024-03-08
CUST_00648,34.348461601786255,F,Bizerte,Particulier,29.295600047739843,81.39404338859731,9.579543790989277,20.0,Prépayé,45.34650605106663,2025-03-15
CUST_00649,32.22878563749586,F,Bizerte,Particulier,102.26285657826163,73.13196989060948,8.344372188688626,20.0,Postpayé,37.98484885020657,2023-06-08
CUST_00650,43.35447637776102,M,Tunis,Particulier,43.1283027831365,64.00325418569794,8.910365751145555,18.0,Postpayé,42.22945374599543,2024-12-19
CUST_00651,57.18747313934414,M,Sousse,Particulier,42.20944376796034,52.559456148400294,2.715539919274051,21.0,Postpayé,19.453309428182497,2022-08-23
CUST_00652,48.51878035457309,M,Sousse,Particulier,82.33125967451684,70.66836906501706,6.0590483249242695,18.0,Postpayé,38.56542953924916,2022-09-12
CUST_00653,31.773335713342032,M,Sfax,Particulier,19.008809641983756,75.78298658819897,5.2995942923539445,31.0,Prépayé,42.986767147545216,2025-03-06
CUST_00654,21.721689095099954,M,Autre,Particulier,66.16642878354367,70.80748050543114,4.7853801081290435,22.0,Prépayé,33.599019821568184,2025-03-13
CUST_00655,65.88031763899832,M,Autre,Particulier,24.775100927386784,85.77582329508868,11.00850900236129,21.0,Prépayé,36.152100468394735,2023-09-08
CUST_00656,35.71062120817386,M,Bizerte,Entreprise,101.41597107994187,65.26694166613632,10.797810453547187,21.0,Postpayé,48.33395833212802,2022-06-18
CUST_00657,35.167151502955356,F,Bizerte,Entreprise,17.381816520496656,61.707736817029,8.262359275135445,14.0,Prépayé,31.29305705750852,2022-12-21
CUST_00658,34.71049895467996,F,Sfax,Particulier,128.38468234055173,53.508125789462554,4.105027824326815,18.0,Postpayé,48.633682748507105,2022-05-30
CUST_00659,37.37701712921426,F,Autre,Particulier,70.4594903235697,70.30105100460317,2.5742352797005585,30.0,Postpayé,56.22455778800703,2022-05-31
CUST_00660,33.267675056912694,F,Bizerte,Entreprise,52.398035976419834,73.64262672903232,11.435216424138975,22.0,Postpayé,36.375234683393174,2024-10-19
CUST_00661,28.116055917437166,F,Bizerte,Entreprise,40.49737615340134,61.75703071791276,22.970099963590958,18.0,Hybride,31.397937697686736,2022-11-10
CUST_00662,28.437692705115296,M,Autre,Particulier,22.594835350790053,83.06557270106032,4.345966084238476,20.0,Prépayé,33.976730163000525,2022-12-17
CUST_00663,34.60696075740802,F,Tunis,Particulier,63.06398994907075,68.30613217702398,6.260325310480885,26.0,Postpayé,55.241209493236305,2022-11-25
CUST_00664,28.47890274639482,F,Autre,Particulier,17.905524280327587,75.9778999981491,4.738995569317511,26.0,Prépayé,30.99637930715362,2022-04-27
CUST_00665,26.44585060787403,M,Tunis,Particulier,24.828534882340676,55.19455766015063,5.05629535945819,26.0,Prépayé,31.415613476549108,2022-08-04
CUST_00666,36.27716273230276,M,Sfax,Particulier,100.55330489637743,60.35034016269042,8.558298980698662,21.0,Postpayé,25.729875338938385,2023-08-16
CUST_00667,31.940273390949738,F,Sfax,Particulier,35.937700749319696,54.39517858257804,2.5509719917204317,25.0,Prépayé,35.987946456445094,2024-07-19
CUST_00668,53.04791586299226,M,Autre,Particulier,42.69856343029812,70.67097457597795,1.8182122206040363,18.0,Postpayé,41.3419491519559,2025-01-23
CUST_00669,18.0,F,Autre,Particulier,64.07513120891868,72.10904197783326,9.5877489864785,11.0,Postpayé,53.42349356985799,2022-09-25
CUST_00670,48.09808222306954,F,Bizerte,Particulier,54.233973129838816,73.8211612352965,3.7773079309483863,26.0,Prépayé,36.705854139437974,2023-07-26
CUST_00671,49.953022309971544,M,Bizerte,Particulier,26.197203133574128,62.116002580461824,4.162270442792348,19.0,Prépayé,44.455819954562386,2022-07-31
CUST_00672,18.0,M,Sousse,Particulier,40.51558285492008,76.4549859089221,18.07640142938549,19.0,Postpayé,34.131554226179134,2023-08-06
CUST_00673,30.887748871035814,M,Autre,Particulier,89.21673775219938,59.86913645849652,8.314501567488783,19.0,Postpayé,30.150296648905485,2022-04-30
CUST_00674,30.5427096080505,M,Sfax,Particulier,20.578076332360244,68.23721000478142,2.979296627364285,22.0,Postpayé,51.63824445506982,2024-03-12
CUST_00675,18.109859663386146,M,Sfax,Entreprise,61.38619407965904,77.59191076630873,19.93688673889111,19.0,Postpayé,41.07620139328861,2022-08-08
CUST_00676,25.6661997489095,F,Tunis,Particulier,120.73270115641623,56.67067020489578,8.425556434460615,20.0,Postpayé,45.309410781784045,2023-12-02
CUST_00677,21.673089854410055,M,Bizerte,Particulier,63.232683781424996,59.135646152554024,0.33937547243397287,22.0,Postpayé,40.799157506081016,2025-02-20
CUST_00678,56.02724532108347,M,Bizerte,Particulier,48.99251050627005,52.35594846292326,5.844135419231275,21.0,Prépayé,27.697435275422592,2025-03-20
CUST_00679,46.228140717769534,M,Sfax,Particulier,40.239421486374,94.88987328669691,,15.0,Postpayé,48.26542701046393,2023-07-16
CUST_00680,50.258661139929906,F,Tunis,Entreprise,62.097515166504664,62.827427108589205,10.099765272548996,17.0,Postpayé,33.67537682678553,2024-02-16
CUST_00681,43.66006476851882,M,Autre,Particulier,59.40050304120985,69.07308396197195,16.301593162647944,17.0,Postpayé,43.90225825410823,2024-12-13
CUST_00682,21.45137874539325,M,Tunis,Particulier,87.0806270644284,56.12138742045521,8.765478741074492,20.0,Postpayé,30.514854466174903,2025-01-06
CUST_00683,28.705756804642718,F,Bizerte,Particulier,48.147539799072476,60.26039130961581,9.442080102724635,26.0,Hybride,31.000850673077846,2025-02-01
CUST_00684,40.872494734735014,F,Autre,Particulier,59.68265963360134,60.414169740548836,4.744923134475426,19.0,Prépayé,34.253710534552965,2022-05-26
CUST_00685,20.334466293296657,M,Sfax,Entreprise,36.450147347106025,47.63497430633968,18.93370290211586,21.0,Hybride,32.319373073165764,2022-07-14
CUST_00686,43.555981162068655,F,Tunis,Entreprise,71.82584727665966,62.334023682124325,6.613529466588499,19.0,Postpayé,29.862549337758995,2022-12-14
CUST_00687,32.11609522210238,M,Bizerte,Particulier,60.43798173173905,76.01623062656995,5.799810678728502,25.0,Postpayé,60.0,2023-08-04
CUST_00688,30.50215030940483,M,Autre,Particulier,32.416132807869424,62.846496310109394,8.536001725219448,11.0,Prépayé,39.65888068913198,2022-08-05
CUST_00689,43.5315196184419,M,Sousse,Entreprise,31.092489716184968,44.4376813890044,16.775159192880178,19.0,Prépayé,26.964803968584008,2024-10-17
CUST_00690,40.33115973783248,M,Autre,Entreprise,45.00433581911966,54.68893329701373,3.8063240234372673,22.0,Postpayé,30.21174594527079,2024-01-19
CUST_00691,30.66840601017104,F,Tunis,Particulier,98.10563234574545,74.36560846534817,14.329638147778464,20.0,Postpayé,32.79572940240746,2023-04-04
CUST_00692,48.91195764037098,M,Sousse,Particulier,23.580634297333333,69.04796187789033,2.8951049101192936,25.0,Prépayé,35.38816054488301,2024-02-22
CUST_00693,22.027240068801234,M,Bizerte,Particulier,48.83404017415076,73.02775042952648,19.89120624959238,11.0,Postpayé,46.055500859052934,2023-04-15
CUST_00694,42.39122728333116,F,Autre,Entreprise,14.431265976602447,65.01857982639108,,15.0,Prépayé,41.344738753024096,2023-01-07
CUST_00695,42.11721509562061,F,Tunis,Particulier,35.958953662836855,59.95336448744772,8.260339274974477,15.0,Hybride,39.42642904057608,2023-04-09
CUST_00696,31.285442728232116,M,Autre,Particulier,50.21659368108405,78.18770919208959,3.066514372563593,18.0,Postpayé,28.1765724460485,2023-10-17
CUST_00697,38.913596266905415,F,Sousse,Particulier,5.444424558371782,73.57192074125949,3.880015352973045,29.0,Prépayé,44.258668120116646,2024-06-11
CUST_00698,19.986637083376365,M,Sfax,Particulier,22.86767895376348,51.116523200583956,13.683307236042623,19.0,Postpayé,27.791308001459875,2022-06-12
CUST_00699,46.08832423048281,F,Tunis,Particulier,41.95969766308775,68.83378459396974,12.691016570887331,27.0,Hybride,37.667569187939485,2023-12-25
CUST_00700,32.78117436268413,F,Autre,Particulier,58.49465550857464,69.56758793388421,4.827428752193208,12.0,Prépayé,41.97466925282494,2023-06-28
CUST_00701,28.727323753771525,F,Tunis,Particulier,33.874020858843316,73.99922664250336,4.577203482143807,18.0,Postpayé,42.306205081737225,2025-02-15
CUST_00702,47.58811071004267,M,Sfax,Particulier,68.88638994702791,71.76770112246176,4.660926005523802,35.0,Postpayé,40.72098259306227,2022-10-21
CUST_00703,26.54787571348689,M,Tunis,Particulier,62.249022862842295,80.43270772013989,10.00703569450138,30.0,Postpayé,41.11001354410507,2023-07-04
CUST_00704,18.098464443637283,M,Autre,Particulier,43.08784644094679,58.94739906661896,9.4607385593133,15.0,Prépayé,40.35095015861655,2023-10-09
CUST_00705,18.0,M,Bizerte,Particulier,44.500270549335525,69.70693106955561,6.704255029113089,21.0,Prépayé,29.08690938806593,2022-11-20
CUST_00706,42.272119416147675,M,Bizerte,Entreprise,165.61974983655614,61.8070633818762,11.668310719783086,23.0,Postpayé,28.764715378908743,2023-10-29
CUST_00707,19.6348477700446,F,Tunis,Particulier,36.53096470131516,79.45577605373485,4.793337229627138,31.0,Prépayé,47.140326025434916,2023-04-20
CUST_00708,56.057530183812375,M,Sousse,Particulier,47.088620878463715,76.59576530727271,19.003399386083863,25.0,Postpayé,47.29954866783214,2025-01-01
CUST_00709,18.0,M,Sousse,Particulier,24.838841058398373,100.80199519288014,2.061728248151531,21.0,Prépayé,30.911682068675514,2022-05-24
CUST_00710,55.35747641948046,F,Autre,Particulier,55.8113924070952,74.6580595962028,4.195985638373635,30.0,Postpayé,40.86426338906192,2023-05-28
CUST_00711,37.53220960643142,M,Autre,Particulier,51.19835588751582,84.191222942184,6.43363820221643,21.0,Postpayé,42.69698803760001,2022-11-18
CUST_00712,33.83944265755529,F,Tunis,Particulier,139.01835164515745,79.47895764235359,1.7699246358237377,9.0,Postpayé,39.43676779360279,2022-10-23
CUST_00713,28.460970958292602,M,Bizerte,Particulier,93.33603202593342,63.9418252895717,,15.0,Postpayé,48.70191927807372,2024-02-03
CUST_00714,39.78963337222485,M,Tunis,Particulier,19.552323359724557,63.74845560663599,16.183291715925982,17.0,Hybride,35.635011929012755,2022-11-06
CUST_00715,34.54838357090182,M,Sousse,Particulier,86.7439571572175,73.61435785439099,9.103158885226874,19.0,Postpayé,36.322884915538864,2023-04-29
CUST_00716,48.23962258419826,M,Tunis,Particulier,19.168235332035376,59.52986541737941,3.694501835629665,20.0,Prépayé,48.82466354344853,2024-04-27
CUST_00717,36.37073178394448,F,Sfax,Particulier,94.9334315581981,67.21797176410016,3.622326975206664,22.0,Postpayé,29.26533031557723,2024-07-08
CUST_00718,36.80362113754253,M,Sfax,Particulier,74.86346080595055,80.6957401795187,,19.0,Hybride,46.7195275991249,2023-01-18
CUST_00719,30.63665345343373,M,Sousse,Particulier,29.292345155514873,73.90871993123172,4.032601441598794,19.0,Prépayé,53.976499856732744,2024-04-05
CUST_00720,34.316652515347194,M,Sfax,Particulier,24.702493546044575,66.24944393679274,7.414430746633923,15.0,Prépayé,44.02053029737554,2022-06-21
CUST_00721,38.69362122670471,M,Bizerte,Entreprise,60.342485953439336,80.4840999213073,13.368499983551766,28.0,Prépayé,38.765689519495346,2024-08-26
CUST_00722,18.0,F,Sfax,Entreprise,23.189699267493857,69.94497124703236,8.338642549819454,17.0,Prépayé,29.52772453154139,2024-05-14
CUST_00723,18.821774934731444,M,Tunis,Particulier,47.241614282244655,60.55195978857652,2.8667261021371946,25.0,Postpayé,40.81851113622445,2022-12-02
CUST_00724,43.91916912827258,F,Bizerte,Particulier,43.506990101944595,77.36737348132172,4.753805688241652,24.0,Postpayé,33.39202324365813,2023-04-12
CUST_00725,37.050385257535304,F,Tunis,Particulier,44.90252681927352,72.56432779867404,4.688914251810402,18.0,Hybride,36.91382603523404,2022-07-13
CUST_00726,32.79219996376785,F,Sfax,Particulier,78.176234525909,64.14678626406581,8.438770053622978,21.0,Postpayé,42.54841392014625,2022-08-21
CUST_00727,35.22120719678472,F,Bizerte,Particulier,49.267011342022585,56.9342733120653,6.122877070562605,27.0,Prépayé,32.40528677224487,2023-04-14
CUST_00728,39.170980464340055,M,,Entreprise,41.29961261067198,56.103704132371966,11.283219463889768,19.0,Prépayé,30.47373054039992,2022-07-20
CUST_00729,28.52288383628766,M,Tunis,Particulier,58.57762689189013,62.054835974710144,,15.0,Hybride,34.9018173363264,2022-10-17
CUST_00730,25.660343295172247,M,Sfax,Entreprise,55.93613775382844,60.30540405147931,25.250716612545816,30.0,Prépayé,20.61080810295862,2024-06-17
CUST_00731,37.350143061172176,F,Autre,Particulier,19.835513390755946,68.63731107278791,6.636598202278618,25.0,Prépayé,52.52735793952868,2023-03-05
CUST_00732,23.259526668619614,F,Sousse,Particulier,21.89121238359817,74.22292538535542,6.733697521804165,17.0,Hybride,42.736394971837356,2023-11-21
CUST_00733,39.89903306857366,M,Bizerte,Particulier,90.42495590700146,61.313814572003,4.959731048535513,20.0,Postpayé,33.29090124348478,2023-10-06
CUST_00734,18.0,F,Sousse,Particulier,30.759482136398045,73.7249794958133,3.039295298219149,16.0,Prépayé,34.045417265115105,2023-07-05
CUST_00735,47.34986764790772,M,Tunis,Particulier,105.74114007826674,75.13483361864547,,23.0,Postpayé,50.269667237290946,2022-09-04
CUST_00736,40.67116978895652,F,Sfax,Particulier,45.83471788161201,69.50561922690977,,15.0,Hybride,28.714109679462545,2022-05-13
CUST_00737,38.07235681176651,M,Bizerte,Particulier,24.30387607104895,60.76537012205921,5.211192163721611,15.0,Prépayé,24.010959432773905,2023-05-03
CUST_00738,46.79229180734617,F,Tunis,Entreprise,91.00913746380863,88.31604814525275,12.268351357995577,15.0,Postpayé,52.26904852629787,2025-01-15
CUST_00739,54.98569333355092,F,Tunis,Particulier,33.91121574593563,64.75354601851421,10.11470164071079,18.0,Prépayé,32.15009391533515,2023-11-19
CUST_00740,47.17244078021756,M,Tunis,Entreprise,68.77928925108213,78.91668154300146,22.16315811236189,16.0,Postpayé,51.76284912115665,2023-04-09
CUST_00741,18.0,M,Sfax,Entreprise,119.61161785488432,72.064206638176,1.4763709971765657,,Hybride,47.069809465665294,2024-05-27
CUST_00742,19.645076399171582,M,Autre,Particulier,77.20916779505305,64.34202563532389,3.5362342856293254,23.0,Hybride,31.310256398620183,2023-04-27
CUST_00743,27.502177067651854,M,Tunis,Particulier,44.861500172248036,72.71135198729839,5.200810278616853,18.0,Prépayé,45.42270397459678,2022-10-29
CUST_00744,35.313092602530006,M,Sousse,Particulier,34.386595320096745,71.278982835113,2.5707701411066637,33.0,Prépayé,27.28389791984465,2024-07-21
CUST_00745,41.21190824562947,F,Tunis,Entreprise,33.06453225226773,76.06228118954971,12.462262840246007,16.0,Prépayé,49.1417278226465,2022-09-07
CUST_00746,26.291074242158412,F,Autre,Particulier,60.61695401400073,64.26524110299138,3.659017816936954,13.0,Postpayé,31.153553271410992,2024-02-28
CUST_00747,37.24120117372494,M,Tunis,Particulier,35.955926016724725,79.05965753154996,6.356498060144169,21.0,Prépayé,49.169165153867844,2022-07-19
CUST_00748,25.93540481176013,M,Sfax,Particulier,55.33463569899156,65.84145863948557,3.731354069602731,,Postpayé,29.100899293108945,2022-05-13
CUST_00749,27.66178636409662,F,Bizerte,Particulier,17.78425009591551,60.52999655994242,3.8348955015345667,31.0,Prépayé,31.586949043353098,2023-11-23
CUST_00750,18.120066837821334,F,Bizerte,Particulier,68.39610650844735,79.1950650018632,6.327653818823057,22.0,Postpayé,55.284441180123935,2022-08-15
CUST_00751,23.921201046669147,M,Sfax,Particulier,37.26676697999417,60.36937552119003,9.047352491936836,11.0,Prépayé,43.736608383785786,2022-07-13
CUST_00752,18.779784732603996,F,Sfax,Particulier,105.85083210913712,54.21758909450504,7.598247034445711,13.0,Postpayé,32.23802218171961,2024-12-19
CUST_00753,23.289520964272008,M,Sfax,Entreprise,22.107283313703338,69.44278210427821,10.455757681600957,15.0,Prépayé,41.719963478118785,2022-12-25
CUST_00754,47.64370155929407,M,Tunis,Particulier,33.183631196180066,79.24589020631433,1.3770628919787833,23.0,Prépayé,41.5105182255613,2024-10-05
CUST_00755,23.607213334016684,M,Tunis,Entreprise,88.19540988533541,78.28520886360889,7.550152352309658,22.0,Postpayé,37.342471690541906,2022-07-21
CUST_00756,66.5885847780487,M,Sfax,Particulier,87.32637616226134,56.56916689198748,3.5120706786430054,21.0,Postpayé,41.42291722996869,2022-09-16
CUST_00757,40.91981481057067,M,Tunis,Entreprise,63.42840911654638,73.69762344568626,16.276025060747678,29.0,Prépayé,50.40331315446175,2024-08-11
CUST_00758,37.218033484338484,F,Tunis,Particulier,28.54241818551711,80.72422078160254,5.864909093716646,,Prépayé,46.77131051200463,2025-03-19
CUST_00759,24.699706637825436,F,Bizerte,Particulier,45.46617953779921,69.20350066595837,5.99572843749835,30.0,Postpayé,44.17395972074661,2023-03-01
CUST_00760,43.4037185529079,F,Autre,Particulier,34.168209047546114,58.099684697288296,3.1339308400742003,18.0,Prépayé,32.04473794838249,2022-09-11
CUST_00761,28.092346085146712,M,Sousse,Entreprise,62.6303370269232,61.93318033462287,22.6674173577691,29.0,Postpayé,29.02745903046432,2024-07-08
CUST_00762,36.464117775744334,M,Tunis,Particulier,57.625865521807015,58.254319668402836,5.971461164935861,23.0,Postpayé,38.700761115244845,2023-03-05
CUST_00763,65.72101445922553,F,Tunis,Entreprise,25.22911986413719,86.73538771965326,,17.0,Prépayé,47.00913172822586,2022-05-11
CUST_00764,33.8472812033042,M,Autre,Entreprise,79.9998086939449,57.387951953157916,,16.0,Postpayé,24.756417289473738,2023-12-31
CUST_00765,48.791279915428106,M,Tunis,Particulier,50.57601403696041,52.79473233823033,6.494169951969839,15.0,Postpayé,35.37110855956495,2024-07-15
CUST_00766,26.56188289848935,M,Tunis,Particulier,64.0632147020055,78.93059757913296,2.932078549680865,27.0,Hybride,43.51017741660538,2024-01-25
CUST_00767,34.58013811403646,F,Sousse,Particulier,43.917563644320744,82.09557022059447,3.5418452271477294,20.0,Prépayé,52.0288337418416,2023-12-18
CUST_00768,56.24960762762612,M,Sousse,Particulier,83.2022110748039,59.89154305756111,2.4845138733181615,21.0,Postpayé,22.227638892981844,2023-06-23
CUST_00769,27.47639530654679,M,Sousse,Entreprise,19.81857537089437,92.89188927451099,,17.0,Prépayé,38.64461085747909,2024-01-09
CUST_00770,56.74938269596315,F,Tunis,Particulier,78.40165360691836,84.9484962946942,2.9789833046929317,19.0,Postpayé,34.8388830074511,2023-02-07
CUST_00771,43.493023225465706,M,Tunis,Particulier,108.93579251298371,71.11313520900877,12.39125511982466,21.0,Postpayé,39.43752001766427,2024-09-17
CUST_00772,28.25039868926879,M,Autre,Entreprise,46.255912837787925,62.00570836664346,13.94974983602313,20.0,Prépayé,44.19932178289176,2023-12-25
CUST_00773,42.58889286866625,M,Tunis,Particulier,62.04836512601094,55.750222176309386,2.4776740760814757,18.0,Hybride,26.705050400703133,2024-09-16
CUST_00774,46.67065339552076,M,Bizerte,Entreprise,70.6299039138197,61.91098814303433,15.116026605834039,16.0,Postpayé,31.72550668730709,2025-02-23
CUST_00775,42.46171954660636,F,Bizerte,Particulier,46.14513261871687,64.94161240577058,11.344954084546114,24.0,Hybride,32.53390286891954,2025-01-23
CUST_00776,18.0,M,Sousse,Particulier,116.64044123431577,69.51868171452547,5.089990397494642,17.0,Postpayé,36.311140616716614,2023-06-25
CUST_00777,26.274353890101576,M,Sfax,Particulier,37.07124390990572,61.37480090956444,12.095878662043486,13.0,Prépayé,49.69463636479132,2022-05-31
CUST_00778,32.02977637338194,F,Tunis,Particulier,37.276943198401334,59.00889898466679,7.052304668374193,13.0,Prépayé,31.130886632592876,2024-05-13
CUST_00779,34.10679885079944,F,Sousse,Particulier,94.55332285362853,61.53947737046759,3.6615166761821105,20.0,Prépayé,33.78147254449475,2024-08-03
CUST_00780,42.44806517060813,F,Autre,Particulier,28.2598087094241,52.813875854868634,16.326645685825234,25.0,Prépayé,28.81433135333814,2022-06-18
CUST_00781,37.132412011199044,M,Autre,Particulier,21.76444468648037,70.91924021916242,2.031575827574393,12.0,Postpayé,36.38315426762004,2022-04-12
CUST_00782,18.975867695478783,M,Tunis,Particulier,64.6266723526597,60.33531415149538,4.34999899310756,21.0,Postpayé,37.12571398067133,2023-06-20
CUST_00783,39.56237421207156,F,Tunis,Particulier,44.23369166025765,66.12595100487007,5.2279525051882345,18.0,Hybride,37.76239792681263,2023-09-16
CUST_00784,42.32702894340588,F,Autre,Particulier,78.91720565738231,70.52082911161537,14.789561077704565,21.0,Postpayé,60.0,2024-10-17
CUST_00785,41.71748537517248,M,Bizerte,Particulier,86.96562089863987,70.51984402323156,8.208164907823734,20.0,Postpayé,46.91634171506574,2022-12-21
CUST_00786,47.96936870665546,M,Autre,Particulier,15.95221949546598,75.06591376898413,7.4245921152062095,22.0,Hybride,39.010951424044684,2024-09-23
CUST_00787,45.00706585458685,M,Tunis,Particulier,87.74820204091513,84.97964638147657,3.302213150044992,22.0,Postpayé,44.033298951655205,2024-12-29
CUST_00788,40.51016095074124,F,Sousse,Particulier,31.806413390989068,75.30334539336098,4.972230074343126,17.0,Prépayé,34.47025963100176,2024-06-15
CUST_00789,34.15801146249623,M,Bizerte,Particulier,61.826546728024056,64.27886948830168,3.717605078924543,25.0,Postpayé,60.0,2022-04-19
CUST_00790,18.0,M,Bizerte,Particulier,13.98890465227225,72.22999081410056,7.2802423446077,19.0,Prépayé,47.40814451857255,2024-10-07
CUST_00791,40.15541862959103,M,,Particulier,59.3524234205887,59.8160583998902,10.336577142241659,19.0,Prépayé,45.89282536558586,2023-12-13
CUST_00792,37.49225224595733,F,Tunis,Particulier,26.725725434705012,92.98822242178342,18.41435356078175,13.0,Prépayé,52.43970888816953,2024-07-04
CUST_00793,38.258946046344484,F,Sousse,Entreprise,93.61679390511998,69.01345598656417,7.980174519293833,10.0,Postpayé,56.84876360582764,2024-02-18
CUST_00794,19.679017090156286,M,Tunis,Particulier,47.04712777226552,65.65158061879178,1.9894787210821134,25.0,Postpayé,31.303161237583573,2023-05-07
CUST_00795,22.02732151510085,F,Sfax,Particulier,80.43890916945035,67.91912603311027,4.3961210517483025,16.0,Postpayé,50.93139118468949,2024-03-20
CUST_00796,47.637834239994845,F,,Particulier,41.51659966249358,77.37758477490385,9.541482797497862,16.0,Hybride,43.29182365722938,2024-09-30
CUST_00797,34.52533815372014,M,Sfax,Particulier,43.105902766779316,75.20033702761539,3.037509397121939,14.0,Prépayé,41.88742835399132,2025-02-23
CUST_00798,43.178008368471495,M,Autre,Entreprise,61.32792944013838,103.90026901626112,10.68666775385326,23.0,Postpayé,55.075028382479275,2024-11-17
CUST_00799,35.339820513565535,M,Tunis,Particulier,46.01733820602054,83.09356385304311,7.479623680391088,18.0,Postpayé,31.89454579848111,2022-11-17
CUST_00800,35.35707367394894,F,Bizerte,Particulier,32.45392942057559,77.92905931425167,4.042368393324736,21.0,Prépayé,39.15903448973512,2022-09-19
CUST_00801,46.259405671711974,F,Autre,Particulier,67.98952635077961,68.99556604743,6.126527368122467,23.0,Postpayé,37.991132094860006,2023-05-11
CUST_00802,28.80746326139151,F,Tunis,Particulier,36.45211374808344,60.12389321864677,,18.0,Prépayé,43.15212671106375,2023-11-26
CUST_00803,36.1534493232918,F,Tunis,Particulier,104.3919970478338,58.875338067744565,10.745068896335216,16.0,Postpayé,43.5983855310843,2022-12-11
CUST_00804,29.45269653553949,M,Sfax,Particulier,19.215802985428187,96.28267031216252,4.606179387078535,13.0,Prépayé,50.44167236275394,2022-07-17
CUST_00805,29.786045270812213,F,Tunis,Particulier,47.64382359205728,71.36045882920527,6.020635617827686,8.0,Prépayé,39.922468292559344,2022-12-13
CUST_00806,31.289934518376327,M,,Particulier,38.165890941855125,71.83953009883281,1.4234998843947502,23.0,Postpayé,56.17289151920178,2022-04-26
CUST_00807,37.665605259604554,M,Autre,Particulier,42.38678484021745,66.347772659504,2.5758180003690923,22.0,Prépayé,44.2342883902261,2023-06-02
CUST_00808,29.255016540038273,F,Sfax,Particulier,42.96293238537003,95.75380583258769,9.36058400115147,15.0,Prépayé,31.169597030942047,2022-06-15
CUST_00809,50.06907350688225,F,Tunis,Particulier,55.88998898739264,74.06507885931289,4.0059443392196386,15.0,Postpayé,34.66377974420525,2024-01-24
CUST_00810,24.264712373365953,M,Sfax,Particulier,22.48375548614002,75.84660223492546,2.9403121103570102,23.0,Prépayé,45.85885045177974,2023-03-14
CUST_00811,32.75754027006369,F,Bizerte,Entreprise,46.98677374644644,64.60102671886506,3.745698768311302,20.0,Postpayé,43.55783715303348,2022-12-24
CUST_00812,29.7232273007099,F,,Particulier,72.48155654994663,75.78976206664738,10.630325638023985,19.0,Postpayé,42.999551069146,2023-10-31
CUST_00813,52.3637346122448,M,Sousse,Entreprise,94.64868711776946,85.42076552964431,16.00839508758216,24.0,Postpayé,58.18660283267464,2023-12-25
CUST_00814,37.358657318138896,F,Sousse,Particulier,65.50965192361892,92.49773746008941,7.7024422031924225,22.0,Postpayé,49.18989912917645,2022-08-08
CUST_00815,47.38213447362362,M,Sousse,Particulier,9.558778956203236,78.95722607498425,13.020958705621634,26.0,Prépayé,36.13314840514524,2024-10-01
CUST_00816,18.0,M,Tunis,Particulier,25.296513294679354,66.35162155528745,4.3527618152139,17.0,Prépayé,38.232544906848865,2024-11-06
CUST_00817,38.20460319043111,M,Bizerte,Particulier,53.326957205129446,65.13977046277417,2.0070745863647863,20.0,Postpayé,35.70785513077953,2023-03-27
CUST_00818,45.675569547481246,F,Tunis,Particulier,86.7103325682901,74.27537034424753,5.534330957380563,21.0,Postpayé,32.634589900442016,2024-02-19
CUST_00819,35.98740787130509,F,Tunis,Particulier,41.37264391444375,84.37655818708089,14.422497908725777,18.0,Prépayé,59.20105318317148,2023-01-08
CUST_00820,47.78576450078421,M,,Particulier,74.9358299289892,80.34523663125526,5.603211791397233,18.0,Postpayé,43.47363684152725,2022-08-05
CUST_00821,28.792538598795534,M,Bizerte,Entreprise,102.1761997669793,59.84065022731438,20.36835664656916,20.0,Postpayé,30.08837005937907,2022-08-19
CUST_00822,51.912169282226955,F,Tunis,Particulier,105.46595736384592,92.90253397558035,2.063841017972269,20.0,Postpayé,54.83755662596726,2023-12-03
CUST_00823,62.58677748343101,M,Tunis,Particulier,55.68667170235521,80.16681250335444,3.257712086775749,21.0,Postpayé,33.611354172257414,2023-12-05
CUST_00824,30.64593727472409,F,Tunis,Particulier,21.6991721975085,76.52912602686129,9.04374397275053,20.0,Prépayé,41.72060375344684,2024-04-26
CUST_00825,29.65396974319074,F,Tunis,Particulier,67.57015407307472,74.3720383281222,5.947478357864915,28.0,Postpayé,40.32460061909848,2024-07-06
CUST_00826,52.44061372541241,M,Tunis,Particulier,34.939339673630855,63.99473594124218,5.032486588757597,17.0,Prépayé,27.989471882484374,2024-07-08
CUST_00827,53.95486574876855,F,Tunis,Particulier,54.40750331810007,58.7924775252777,10.104747384923298,15.0,Postpayé,25.090377713356798,2023-10-20
CUST_00828,28.72567967416078,M,Sfax,Entreprise,224.52815213874692,57.34919985932222,17.94923029252016,20.0,Postpayé,47.049230408518504,2022-05-23
CUST_00829,29.957758194849713,F,Bizerte,Particulier,123.96943953635328,72.82367182818479,6.043655627962973,15.0,Postpayé,51.715982975384954,2022-11-10
CUST_00830,31.618584693673913,F,Sousse,Particulier,24.308155147747993,76.8481212129243,0.7472870754162769,26.0,Prépayé,42.31133557948946,2022-09-17
CUST_00831,18.866593867588676,F,Bizerte,Particulier,28.002959450738807,87.46837754234328,5.393167998247951,22.0,Hybride,60.0,2024-01-26
CUST_00832,23.97617664218962,M,Tunis,Entreprise,50.160795438212894,77.84271572991852,13.851943549465162,21.0,Postpayé,34.211578844687104,2023-01-26
CUST_00833,22.950310798975185,F,Autre,Particulier,106.2777231485708,77.10892082429957,1.4541852113134992,22.0,Postpayé,26.40806692508126,2022-09-02
CUST_00834,25.78642921875046,M,Autre,Particulier,107.39264455486972,86.26393926319341,,20.0,Postpayé,43.773232105322364,2022-05-05
CUST_00835,34.583781351358624,M,Autre,Particulier,58.15837214244397,67.17091253595534,10.3653217160772,18.0,Prépayé,31.707671639128097,2024-06-01
CUST_00836,37.81057679043825,M,Autre,Particulier,30.568705257345016,84.85995838918177,5.386990326551151,15.0,Hybride,39.11468588390454,2024-02-24
CUST_00837,53.606005913768925,F,Autre,Particulier,86.56109394266242,67.24475940943216,2.715755344333847,20.0,Postpayé,49.43279868762703,2022-12-29
CUST_00838,23.01975151113451,M,Sousse,Particulier,47.85167006426344,64.85204191781457,0.8376567710576164,,Postpayé,35.10842066211367,2024-04-21
CUST_00839,46.81186878171901,F,Tunis,Particulier,63.55043708524434,62.60590220983462,6.868483305724791,26.0,Prépayé,39.12422713296582,2022-11-19
CUST_00840,32.43213386929389,F,Sousse,Particulier,21.745668590201518,55.92035964609018,,18.0,Prépayé,51.136107151595105,2023-10-30
CUST_00841,34.40643548417081,M,Bizerte,Particulier,24.97185079581291,57.95756327603539,7.6657635111493505,25.0,Hybride,37.99419827627474,2024-10-17
CUST_00842,43.097833905999245,F,Bizerte,Particulier,40.868182492135226,51.75789727398238,14.031542785726806,17.0,Postpayé,43.77193687217327,2022-05-29
CUST_00843,21.527335741252415,M,Sousse,Particulier,32.518022177881384,63.79764943063783,3.359208661573639,21.0,Prépayé,44.99465779690417,2025-03-06
CUST_00844,39.58891695420861,F,Tunis,Particulier,43.8985318785707,67.65218171546208,4.678324523850746,20.0,Prépayé,38.065676970330756,2024-11-22
CUST_00845,36.99742649855667,F,Sfax,Particulier,91.44447262533936,77.46588309760706,14.483283110125377,19.0,Postpayé,38.331934102869745,2023-01-04
CUST_00846,40.90941516809779,M,Autre,Particulier,19.463365143972496,75.31208621080732,5.789455141596116,27.0,Prépayé,39.466826316309856,2022-06-17
CUST_00847,38.470023726893814,F,Sousse,Particulier,58.58799755433858,81.89305277918528,4.0316214530917485,26.0,Postpayé,34.2509061953857,2023-08-14
CUST_00848,64.46360167893073,M,Sousse,Entreprise,55.1117694860543,73.07217485214397,19.082126119995486,26.0,Postpayé,43.27877421989015,2024-01-20
CUST_00849,27.347120188984206,M,,Entreprise,38.880596223612784,63.176057568911624,8.348852357864121,16.0,Postpayé,34.41714376364176,2024-09-30
CUST_00850,28.62803653997819,F,Sfax,Particulier,25.439785922476094,71.76777119257206,3.211366990248628,18.0,Prépayé,35.410889042588785,2023-07-24
CUST_00851,27.522313682902826,M,Autre,Particulier,81.549497327528,55.36891838166885,7.597442276624088,17.0,Hybride,31.830758051592504,2023-03-18
CUST_00852,28.334274570076943,M,Bizerte,Particulier,16.96091819738819,73.0065718835342,9.979132523690396,15.0,Prépayé,52.097024757362945,2025-02-16
CUST_00853,27.351354472321788,M,Bizerte,Particulier,77.07590374081033,56.82379016138562,3.195944561017411,25.0,Postpayé,29.144977639512756,2024-02-21
CUST_00854,49.26819837329062,F,Sfax,Particulier,57.65337888528949,95.12520266568018,6.080030596083985,25.0,Prépayé,58.54200444280029,2023-08-04
CUST_00855,52.04605097587826,M,Sousse,Particulier,120.80128794148305,54.05934976438713,,19.0,Postpayé,38.61371734458238,2023-06-14
CUST_00856,28.151044475006284,M,Tunis,Particulier,92.62365059284397,53.10651658279352,5.2942460490454355,22.0,Hybride,36.17055534049619,2024-07-11
CUST_00857,25.011733122749256,F,Bizerte,Particulier,80.36418871157439,55.37479918291505,2.734374059005752,12.0,Postpayé,31.84475995932155,2025-01-20
CUST_00858,40.65698667663685,F,,Particulier,85.52105717939226,76.86877544335604,7.934929668131446,23.0,Postpayé,32.53237145406213,2023-06-09
CUST_00859,28.373323468628346,M,Sfax,Particulier,54.981951592178554,69.87540381926124,12.362467364437494,19.0,Postpayé,34.37577657550239,2022-11-10
CUST_00860,42.59518181306613,M,Sousse,Particulier,35.95598431129685,102.03218742272036,3.1468668198836807,21.0,Postpayé,60.0,2022-12-30
CUST_00861,37.435076250215594,M,Autre,Particulier,43.63982670064553,72.55538273864549,7.931138222823787,22.0,Hybride,34.361819886380545,2024-11-04
CUST_00862,18.0,M,Tunis,Entreprise,74.58889905467332,63.37021886871641,18.83147505668968,11.0,Hybride,44.023224701628195,2025-03-06
CUST_00863,53.57006241596074,M,Autre,Entreprise,9.472113794542029,66.04022288219366,12.106614673593558,11.0,Prépayé,37.5837976712368,2023-05-08
CUST_00864,56.55053207714626,F,Tunis,Particulier,37.42256500781699,91.05300337916701,7.737385082031911,21.0,Hybride,59.742111191521076,2024-07-23
CUST_00865,27.646535714187365,F,Sfax,Particulier,41.591902914873835,69.35908442391623,3.395721952206643,10.0,Prépayé,41.54915188554331,2023-12-05
CUST_00866,30.34758128076819,F,Tunis,Particulier,32.71428886053563,67.70282524780538,11.97150142003164,18.0,Prépayé,30.19774086116418,2023-04-16
CUST_00867,38.43038468869886,M,Sfax,Particulier,55.01961585880529,65.09942731909572,10.022391266863963,17.0,Prépayé,35.62380691478275,2023-01-05
CUST_00868,39.0134814798443,F,Sousse,Particulier,49.893641469883974,74.33906139129115,10.673594348760156,14.0,Prépayé,60.0,2023-05-19
CUST_00869,42.902531272073965,M,Tunis,Particulier,33.72772596275868,72.24028200707977,2.4177059244303116,8.0,Postpayé,47.42914695322403,2024-10-07
CUST_00870,59.1224544651962,F,Sfax,Particulier,72.7185343879041,54.29209978072909,7.175598310091672,28.0,Postpayé,39.21051225827971,2025-03-29
CUST_00871,32.87663327007141,F,Autre,Particulier,48.95641056572665,56.82349703295379,3.5636757695891665,26.0,Postpayé,32.14766751849718,2023-07-01
CUST_00872,25.420433065538553,M,Tunis,Particulier,48.6608657074199,63.79452261634205,12.549602587961328,28.0,Postpayé,32.90525545071261,2023-04-25
CUST_00873,18.448169263825672,F,Bizerte,Particulier,35.04825392693297,68.16554764061517,3.1920963393837285,25.0,Postpayé,31.087591616567646,2024-04-03
CUST_00874,26.228839520696972,M,Sfax,Particulier,78.0756174862234,62.52172584082126,6.200127370885527,18.0,Postpayé,27.595358858818894,2023-09-08
CUST_00875,34.60247632551444,F,Bizerte,Particulier,55.516500433592455,63.09149936572783,1.1394455671132693,17.0,Prépayé,46.724417129599594,2023-08-19
CUST_00876,56.53469436221345,M,Tunis,Entreprise,81.13447805596232,86.87429516237535,12.3620993400808,17.0,Postpayé,44.790491937292245,2024-09-10
CUST_00877,28.788664411565943,M,Tunis,Particulier,33.94270883126957,67.59979345988928,2.4378791510294486,18.0,Postpayé,40.83290304143601,2022-06-30
CUST_00878,37.68545541966678,F,Tunis,Particulier,68.34370418754345,76.88158604274683,7.390900354915911,25.0,Postpayé,53.763172085493665,2022-04-10
CUST_00879,34.80292524712698,M,Tunis,Entreprise,87.60023702035433,74.63255486861112,9.79200554347306,18.0,Postpayé,46.33834287962965,2024-11-25
CUST_00880,49.26071928137701,F,Tunis,Entreprise,66.07878172121539,54.07087401646329,8.506538132566533,27.0,Postpayé,28.74017622967451,2022-07-13
CUST_00881,65.32318911048347,M,Bizerte,Particulier,37.56639802034749,71.21160081524637,12.728594415808349,,Prépayé,60.0,2025-02-10
CUST_00882,28.62957472495615,F,Autre,Entreprise,23.720865130985214,60.022513011517404,,25.0,Prépayé,39.58723956166838,2022-12-06
CUST_00883,29.126726689781336,F,Autre,Particulier,62.63651372154292,68.08890038523442,1.9442449644413282,24.0,Postpayé,48.01934866355308,2024-10-03
CUST_00884,47.52993052482886,M,,Particulier,60.88549815677764,75.42289671042647,4.341151789042757,27.0,Postpayé,39.672030945234226,2023-11-24
CUST_00885,43.182697875515736,M,Tunis,Particulier,128.4156533585541,57.604521243851714,8.662334061677509,19.0,Postpayé,40.49883230207737,2023-09-06
CUST_00886,57.1604879088324,M,Tunis,Particulier,19.66702485957411,72.6430056810351,6.692015728208558,35.0,Prépayé,27.443869615851057,2024-06-02
CUST_00887,42.00713822391157,M,Sfax,Particulier,10.187342969672532,69.99270763227172,8.389680503017907,18.0,Prépayé,34.60136083129177,2022-08-10
CUST_00888,30.688494910555285,M,Tunis,Particulier,124.8420347916774,74.93269586640488,5.116072570184066,22.0,Postpayé,44.101338204624774,2022-07-15
CUST_00889,42.08785796830771,F,Sousse,Particulier,73.82062185745701,52.54419963686652,10.258597505192267,20.0,Postpayé,38.27420957070139,2022-07-28
CUST_00890,48.30444296699489,F,Sousse,Particulier,37.9149306523566,55.15495984195085,6.040095173565048,16.0,Postpayé,28.26734846965314,2024-07-05
CUST_00891,44.84578617436837,F,Sfax,Particulier,48.00074645765591,78.36063017864909,6.925346031894844,15.0,Prépayé,47.85024562009262,2023-07-16
CUST_00892,41.08728837328757,F,Sfax,Particulier,41.97412990278319,71.70788275862175,2.4399649871638007,16.0,Prépayé,37.899774535811055,2024-12-21
CUST_00893,47.80009627506985,F,,Particulier,137.51075425996737,71.58540207285648,5.675291012666234,,Postpayé,40.363533476189176,2024-08-28
CUST_00894,49.03154708534807,F,Bizerte,Particulier,35.66647400394031,74.70886487588557,8.716260590115605,13.0,Prépayé,28.80838771704408,2023-07-15
CUST_00895,51.58590789245032,M,Sfax,Particulier,179.64435393402633,55.76891824400323,6.474816828168697,19.0,Postpayé,26.747541463643717,2024-12-24
CUST_00896,42.784518651075715,F,Autre,Entreprise,66.34549063999641,70.42752684357156,11.656499236936533,23.0,Postpayé,40.85505368714311,2023-01-02
CUST_00897,32.994583036197746,F,Autre,Particulier,42.00862202510711,76.06799005463326,7.180535286800236,22.0,Prépayé,52.13598010926649,2023-07-10
CUST_00898,36.76056423719987,F,Sfax,Particulier,95.67545701359,81.13095903880861,6.019713778006154,20.0,Postpayé,47.51083461601566,2023-09-30
CUST_00899,49.47810759810028,M,Sfax,Particulier,227.07840622817275,65.66783782212448,5.221241583389663,16.0,Postpayé,45.92852849360996,2024-04-28
CUST_00900,25.196771948153167,M,Sousse,Particulier,26.668557348875627,67.99073474188478,8.871979902253003,26.0,Prépayé,41.64736404559328,2024-04-06
CUST_00901,39.424079706474814,M,Autre,Particulier,26.2787714790757,75.32193428491689,5.001417117622312,17.0,Prépayé,29.865403939511896,2023-01-05
CUST_00902,30.279934252071673,F,Autre,Particulier,96.53278063654456,66.97703880647538,2.3323401051094437,23.0,Postpayé,24.031553345324767,2024-04-05
CUST_00903,35.34493787521781,M,Tunis,Particulier,36.29642650434485,83.75766547988401,12.405594254858837,28.0,Postpayé,60.0,2022-06-20
CUST_00904,50.341422351287584,M,Sfax,Particulier,48.80181901303254,77.19898625834743,3.634870339726844,18.0,Postpayé,37.85533260419184,2024-04-18
CUST_00905,37.29318881623884,F,Sousse,Entreprise,65.51333972253273,64.7119615138822,3.7441188695410954,16.0,Postpayé,34.81658648725458,2023-09-26
CUST_00906,35.55723857787378,M,Sousse,Particulier,135.61477538564657,77.10946994212571,7.700955430750767,15.0,Postpayé,40.19903625841039,2023-10-10
CUST_00907,18.681726308240968,M,Tunis,Particulier,96.56163794986223,56.680815554008504,13.299386778111252,21.0,Postpayé,31.815850125601173,2023-06-16
CUST_00908,43.95504279232665,M,Autre,Entreprise,72.51187798053803,61.06780591255954,15.614930343849093,18.0,Postpayé,35.70623536124343,2024-02-03
CUST_00909,42.7458101736929,F,Bizerte,Particulier,54.69200582947264,87.00346259806393,11.417170466446272,23.0,Postpayé,58.18811381466169,2024-04-29
CUST_00910,60.95905667966552,F,Autre,Particulier,10.056809024905046,69.96428551145333,,10.0,Prépayé,42.78425614582311,2025-02-02
CUST_00911,31.30666118056399,M,Autre,Particulier,159.21688675594015,55.10798903703948,2.356120421422399,19.0,Postpayé,45.02102378168285,2022-06-18
CUST_00912,37.62980393196727,F,Bizerte,Particulier,68.14029104222823,72.07342701398737,4.331144924957917,16.0,Postpayé,38.602744257668014,2022-10-01
CUST_00913,37.992604204529066,M,Sfax,Particulier,48.77931382556247,72.2455221145893,9.830821655222664,19.0,Postpayé,50.5115044053944,2023-04-14
CUST_00914,53.92943935716169,F,Sousse,Particulier,172.74807621863792,52.56716004385859,7.406124719317128,21.0,Postpayé,50.191885839595976,2024-06-19
CUST_00915,33.85645361135658,F,Tunis,Particulier,17.328961716028587,68.81629934338451,7.726532942237048,25.0,Prépayé,37.632598686769015,2023-04-09
CUST_00916,38.34825830924407,F,Bizerte,Particulier,120.58372121131727,54.45745930028884,5.8261666344371505,21.0,Postpayé,39.63451102638166,2024-03-10
CUST_00917,42.29475811659847,M,Tunis,Particulier,32.886559370398416,59.463265311078125,,27.0,Prépayé,52.46991105404648,2022-08-24
CUST_00918,37.2393094778763,F,Bizerte,Particulier,96.45939348495364,60.268268187606395,5.985314710818551,18.0,Postpayé,40.15876322699161,2023-02-20
CUST_00919,29.64279662539366,F,Tunis,Particulier,88.93699201540196,80.62572950461748,4.894169878231759,19.0,Postpayé,36.65377882138556,2022-12-12
CUST_00920,37.32907991477969,M,Tunis,Entreprise,95.84811065751072,63.1265344104529,8.386401053768203,18.0,Postpayé,37.23159654446282,2025-03-20
CUST_00921,47.883580998317264,F,Tunis,Particulier,179.7811902755193,67.82410591519674,,25.0,Postpayé,35.648211830393485,2022-08-02
CUST_00922,22.681816407067277,M,Tunis,Particulier,167.36145416744904,75.62544760663523,4.6073597094089,20.0,Postpayé,40.047125197472646,2023-05-29
CUST_00923,36.595636089762515,F,Bizerte,Particulier,23.343827190967602,82.90021713074714,6.348013151975794,16.0,Prépayé,35.90199529630678,2024-07-14
CUST_00924,26.59855022072992,M,Bizerte,Particulier,58.3000056379037,79.8134505808701,1.2475971454131558,21.0,Hybride,40.02359751029842,2024-03-03
CUST_00925,49.34055954709811,F,Sousse,Particulier,28.236728680843463,54.8373405558494,6.038855551784004,26.0,Postpayé,33.74961111182781,2023-08-09
CUST_00926,18.0,M,Tunis,Particulier,100.4065977409922,60.05137864075469,4.589416877130831,18.0,Postpayé,42.97947295417784,2022-05-26
CUST_00927,28.29293783274094,M,Tunis,Entreprise,51.687554141000845,64.97647935840871,23.527819960772618,25.0,Prépayé,44.39217635201935,2023-03-06
CUST_00928,39.52654250077425,M,Tunis,Entreprise,22.000512252335962,70.14060855329677,,24.0,Postpayé,46.12626781936829,2023-04-20
CUST_00929,53.786288350812086,M,Tunis,Particulier,32.334593071698016,63.6140369627784,5.7731310270921306,15.0,Prépayé,44.577356733587266,2022-06-01
CUST_00930,34.210996867124145,M,Autre,Particulier,96.38169106835468,70.30884561620168,8.776606706162502,13.0,Postpayé,49.593288545109964,2023-12-10
CUST_00931,28.33760567968162,M,Tunis,Particulier,38.2698327174754,83.03850323665141,5.01550518858071,11.0,Prépayé,40.7432258248329,2025-03-07
CUST_00932,57.57388483328708,F,Sfax,Particulier,37.5155502540534,74.17119010774101,4.492151279607023,21.0,Postpayé,39.945641712718874,2024-05-23
CUST_00933,18.0,M,Tunis,Particulier,39.58462762222177,66.0048142967997,,19.0,Postpayé,34.70370264652997,2023-12-25
CUST_00934,18.0,M,Tunis,Particulier,30.616569705778435,80.91724672416319,7.3008822171252685,16.0,Prépayé,47.12226677120581,2025-03-09
CUST_00935,40.28017340063999,F,Sousse,Particulier,57.14321888153171,47.315429096443005,7.62152270043933,14.0,Postpayé,35.186940275551436,2024-10-02
CUST_00936,28.975349307768667,M,Sousse,Particulier,59.68910350979318,69.59264932356349,4.198528967929739,28.0,Postpayé,26.53208967920635,2023-01-30
CUST_00937,22.74520619443144,F,Tunis,Particulier,16.29439007289531,64.48437959043129,3.868405899346464,20.0,Prépayé,34.342457480065185,2023-04-01
CUST_00938,43.50027736759224,F,Tunis,Entreprise,71.02227877815092,73.97435579745726,12.705222198192624,17.0,Postpayé,47.948711594914535,2023-03-13
CUST_00939,37.925608565254386,F,Sfax,Particulier,63.504675342155004,71.39420369268927,9.17662824403103,15.0,Prépayé,45.702456515692404,2023-04-15
CUST_00940,28.23105643115926,F,Tunis,Particulier,17.885666819597343,63.88197494479282,,16.0,Prépayé,41.95994432176182,2024-04-26
CUST_00941,19.636347215949268,F,Tunis,Particulier,29.45620696466175,95.04276026909949,5.125954931849165,17.0,Prépayé,60.0,2023-10-17
CUST_00942,45.469487939361734,M,Autre,Particulier,91.66674849510984,80.09452152157138,3.9805917381827975,29.0,Postpayé,43.025931288520326,2023-05-09
CUST_00943,42.80241413550393,M,Sousse,Particulier,30.72839549775485,53.23788151846805,5.506499507681482,16.0,Postpayé,33.09470379617012,2024-10-20
CUST_00944,33.809889634647405,M,Sousse,Particulier,71.3464078387359,63.578125837760524,8.307176746511121,19.0,Postpayé,32.45442882866775,2022-04-11
CUST_00945,57.15964395257199,F,Sfax,Particulier,109.27320178712594,67.94450129407684,3.1513939789854986,21.0,Postpayé,44.5627687108018,2023-11-27
CUST_00946,22.15898280408617,M,Sfax,Particulier,19.82766915749196,83.34924930846506,7.779418436474517,15.0,Prépayé,54.35046168234271,2025-03-26
CUST_00947,18.0,F,Sousse,Particulier,74.49748264294686,65.71855873004249,4.288755525005141,20.0,Postpayé,39.82672070221807,2025-01-14
CUST_00948,26.69710316142507,F,Bizerte,Particulier,49.36628932264753,67.36017197083541,10.001120884295855,,Prépayé,43.319514831564696,2025-03-24
CUST_00949,34.452967803734026,F,Bizerte,Particulier,175.57935304584694,66.16197442229712,3.275748250542114,16.0,Postpayé,43.830379178906774,2023-05-20
CUST_00950,37.9200733918723,M,Tunis,Entreprise,33.961472421640515,75.67032195078204,18.208480820322627,21.0,Prépayé,60.0,2023-12-14
CUST_00951,32.10516730572404,M,Sousse,Particulier,23.020565568986743,67.01404733904398,2.288486779198916,18.0,Prépayé,48.92010519787551,2023-01-09
CUST_00952,39.22466475817156,F,Sfax,Particulier,26.024139621197026,72.79648536896687,6.103364084126749,20.0,Postpayé,51.65934451868098,2022-12-14
CUST_00953,19.98152690971467,F,Autre,Particulier,33.02033040614239,66.4032651464968,7.873742923570687,13.0,Hybride,32.8065302929936,2023-08-06
CUST_00954,52.32517524887911,M,Sousse,Entreprise,15.815120519613837,70.28300420020493,6.667976684178557,20.0,Prépayé,35.15962346193256,2024-05-17
CUST_00955,34.01418585928917,M,Sousse,Particulier,141.01169360688553,45.75370331053116,0.9790916420592317,25.0,Postpayé,34.56971561920929,2024-08-11
CUST_00956,48.407549979057535,F,Tunis,Particulier,48.041294634673136,81.30106646761787,4.065217756910412,19.0,Prépayé,37.7984177417252,2024-05-07
CUST_00957,39.11270415653245,F,Sousse,Particulier,39.57973170829993,82.9029597279184,5.54252566350919,20.0,Postpayé,40.51349106426848,2024-08-05
CUST_00958,40.48103862984541,F,Tunis,Particulier,47.97518839489835,75.59731277828048,4.482216883013662,15.0,Postpayé,42.6364392043028,2022-08-24
CUST_00959,41.837207362786444,F,,Particulier,33.706887162314295,68.2085401492376,3.824354802921153,14.0,Prépayé,39.201102345382886,2022-10-18
CUST_00960,40.37250272020778,F,Tunis,Particulier,50.82362424077292,72.57511938201543,8.835065783167487,22.0,Prépayé,34.39836922595449,2023-07-21
CUST_00961,42.71267311841053,M,Bizerte,Entreprise,40.85543723832614,52.52933475193284,21.15599635766879,24.0,Prépayé,31.323336879832116,2024-07-24
CUST_00962,50.94983036158918,M,Tunis,Particulier,39.100392727864204,51.700888684673856,10.228831621947098,21.0,Prépayé,43.61357967964961,2024-09-14
CUST_00963,37.35825403641764,M,,Particulier,35.811873639427226,76.14687437847789,7.125322212253715,20.0,Prépayé,46.436296881688236,2024-02-09
CUST_00964,43.508045091062144,M,Autre,Particulier,40.654231197823194,71.84365936988806,7.68808269139166,22.0,Postpayé,38.1608834036309,2023-03-30
CUST_00965,33.92317166855328,F,Tunis,Particulier,48.44025577498964,68.80706985427007,2.973542164495138,22.0,Hybride,27.420499730129762,2022-09-05
CUST_00966,52.281406585393675,F,Sousse,Entreprise,32.06710065915726,75.88935201745429,10.473913158894508,23.0,Prépayé,48.802651014616245,2024-08-27
CUST_00967,26.883292375288764,F,Sfax,Particulier,33.644770215953784,64.76788349397216,5.818472247018104,20.0,Postpayé,37.80400743398333,2023-01-06
CUST_00968,56.61128519492979,M,Tunis,Particulier,139.42894660135104,53.00572338893405,6.48825578462488,19.0,Postpayé,29.28225216813183,2023-07-30
CUST_00969,34.51810459226788,F,Bizerte,Particulier,35.05610601260485,55.88646843882807,6.421794053257671,18.0,Hybride,39.71617109707018,2023-11-06
CUST_00970,18.0,F,Tunis,Particulier,34.11700559075665,68.8073212063537,5.550925478157925,16.0,Postpayé,49.58113305729065,2022-09-25
CUST_00971,36.53725297892947,F,Sfax,Particulier,56.7967685238189,58.620564438376256,7.077716577533421,24.0,Postpayé,36.32689404273549,2024-10-25
CUST_00972,26.82738011030143,F,Sousse,Particulier,61.97958665748327,60.04771712056205,6.2554677117426,21.0,Postpayé,22.54636147053479,2024-10-20
CUST_00973,45.08772258786469,M,Sousse,Entreprise,31.62496189235076,63.19110005899086,12.494150799462282,20.0,Prépayé,37.37195664998015,2025-02-17
CUST_00974,27.168512248371307,M,,Entreprise,28.69977712696698,72.37428846539339,6.964225352264163,19.0,Prépayé,34.02646012109887,2024-06-01
CUST_00975,29.645798801422643,M,Tunis,Particulier,69.53860518181054,76.29853541314375,2.5237222895552334,15.0,Postpayé,41.29358409841438,2022-06-21
CUST_00976,18.0,M,Tunis,Entreprise,34.981467079462796,54.569926372377665,13.014239659675976,13.0,Prépayé,39.922888134301715,2023-02-26
CUST_00977,29.57232416901108,M,Bizerte,Particulier,73.218054313403,67.82140425507876,4.178211337985694,18.0,Postpayé,35.6428085101575,2024-12-01
CUST_00978,18.0,F,Sousse,Particulier,38.97094768412298,55.421142607768275,3.5886645304224425,19.0,Prépayé,35.17351855553237,2023-05-27
CUST_00979,18.0,F,Autre,Particulier,85.75054941827857,79.50174269487947,7.98953378936502,25.0,Postpayé,52.88796672092208,2023-06-09
CUST_00980,44.12497587373157,F,Autre,Particulier,40.467378745181584,93.92890132038688,5.271124010121725,24.0,Prépayé,44.506002031364446,2024-11-28
CUST_00981,44.42960190380999,F,Autre,Particulier,64.25118689821998,89.39469777470302,11.446186895307072,17.0,Hybride,44.18499641081134,2023-06-17
CUST_00982,40.10549074141958,M,Sfax,Particulier,49.87666894400463,82.96712183740112,7.510318490505772,20.0,Postpayé,48.15557470964486,2022-09-22
CUST_00983,23.396286282449445,F,Sfax,Particulier,23.67994392711656,72.99948716605925,3.3422747733913187,24.0,Prépayé,37.734881445394834,2022-06-21
CUST_00984,34.42746372629624,M,Bizerte,Particulier,50.92748874546662,82.7694178413531,8.045653711033427,22.0,Prépayé,56.16871290821338,2023-02-01
CUST_00985,34.95676953091318,M,Sfax,Particulier,57.60950499230283,62.80265999548288,6.884740186277249,30.0,Postpayé,42.733318171551986,2024-07-17
CUST_00986,21.099623729689487,M,Tunis,Particulier,30.823063400193377,70.41969673398395,3.2596634183920727,16.0,Prépayé,40.83939346796792,2023-03-05
CUST_00987,53.04077962120581,M,Autre,Particulier,29.573299222577468,82.7159222284012,3.862782099224806,29.0,Prépayé,42.61365901448482,2023-08-11
CUST_00988,45.52834748690806,M,Autre,Particulier,80.58094947018265,70.04557572982874,7.830593572593829,23.0,Prépayé,37.3442661369191,2023-01-30
CUST_00989,32.34842991404403,M,Sfax,Particulier,30.571346901081426,77.93402851689247,1.5340629031062234,20.0,Hybride,34.36901468429737,2023-05-21
CUST_00990,35.32263006793437,M,Tunis,Particulier,45.44124888543517,78.35893251565363,1.1031510338880532,21.0,Postpayé,50.69025483779546,2022-06-02
CUST_00991,37.50059369537063,F,Sfax,Entreprise,69.64845465700583,54.90427301453509,12.082828514369329,19.0,Postpayé,30.724459558416882,2023-01-25
CUST_00992,18.0,M,Autre,Particulier,64.2009361291168,57.7644929286776,5.77822269738146,24.0,Postpayé,31.282938474267272,2023-08-01
CUST_00993,32.033871409752834,M,Autre,Particulier,26.262196125729155,73.60513266182275,6.359407180435989,15.0,Hybride,38.877608795892,2024-05-04
CUST_00994,26.816189024026418,M,Tunis,Entreprise,44.70822663792085,70.42461863606091,11.575964080057782,21.0,Hybride,32.876638935964,2025-02-03
CUST_00995,22.980559881261016,F,Tunis,Particulier,47.01370906840714,76.46248181328043,7.02578201886255,17.0,Hybride,27.43746968880073,2024-12-16
CUST_00996,31.62679648536854,M,,Particulier,25.628190570832803,60.28461441658153,10.659159580489035,19.0,Prépayé,31.05350960126421,2023-10-01
CUST_00997,56.572238322194266,M,Sfax,Particulier,30.441643108990817,63.876656657995674,5.480167371747827,16.0,Prépayé,33.076368037491,2023-01-28
CUST_00998,42.690114335204115,M,Sousse,Entreprise,47.993911315321455,90.19110503920396,4.000305293954826,15.0,Postpayé,43.160484189212625,2023-11-28
CUST_00999,28.14585212260644,M,Autre,Particulier,39.44005342638934,81.54760370581096,1.3920576934974558,18.0,Postpayé,38.2162774674762,2022-04-22
CUST_01000,41.8709933762739,M,Tunis,Particulier,26.789372749817478,93.64670038520232,4.410372008940055,23.0,Prépayé,48.64555616698782,2024-06-01
